,chr,start1,end1,start2,end2,cicero_found,cicero_region,score,Dmel_OregonR_WT_6-8h_Neuroblasts,Dmel_OregonR_WT_6-8h_Neurons,Dmel_OregonR_WT_6-8h_Glia
0,2L,395670,395790,17260794,17260893,0,False,0.0,0.0,1.0,0.0
1,2L,395670,395790,17328015,17328118,0,False,0.0,0.0,1.0,0.0
2,2L,918896,918995,2595491,2595585,0,False,0.0,0.0,0.0,0.0
3,2L,921771,922766,2612166,2612266,0,False,0.0,1.0,1.0,1.0
4,2L,921771,922766,2677575,2677786,0,False,0.0,1.0,1.0,1.0
5,2L,1080470,1085470,1099460,1105170,1,"['[1081053, 1081256]', '[1102440, 1102730]']",0.0121622645922281,0.0,0.0,0.0
6,2L,1252000,1261000,1341000,1352000,1,"['[1252167, 1252364]', '[1344974, 1345125]']",0.0,0.0,0.0,1.0
7,2L,1416000,1428000,1456000,1467000,1,"['[1421438, 1422075]', '[1463268, 1463850]']",0.720821097468635,1.0,1.0,0.0
8,2L,1615210,1620490,1647980,1652790,1,"['[1615641, 1615877]', '[1652006, 1652223]']",0.283201337639407,0.0,0.0,0.0
9,2L,1953230,1956920,1969270,1971540,1,"['[1954531, 1954828]', '[1970465, 1970868]']",0.294368492658966,1.0,1.0,0.0
10,2L,2277990,2281450,2308580,2311950,1,"['[2279496, 2279704]', '[2309074, 2309239]']",0.0,0.0,0.0,0.0
11,2L,2577500,2588600,2739400,2751000,0,False,0.0,0.0,0.0,0.0
12,2L,2006512,2006610,4791907,4794506,0,False,0.0,0.0,1.0,0.0
13,2L,2109979,2110059,10964198,10964712,0,False,0.0,0.0,1.0,0.0
14,2L,2612166,2612266,2677575,2677786,1,"['[2612096, 2612323]', '[2677573, 2677799]']",0.0,0.0,0.0,0.0
15,2L,3534000,3545000,3602000,3615000,0,False,0.0,0.0,1.0,1.0
16,2L,3660490,3665280,3679940,3684350,1,"['[3661598, 3661874]', '[3681357, 3681921]']",0.0950310831765094,0.0,0.0,0.0
17,2L,3726000,3735000,3751000,3760000,1,"['[3730255, 3730585]', '[3756053, 3756217]']",0.0123427087310816,0.0,0.0,0.0
18,2L,3989770,3994020,4029960,4035000,1,"['[3991714, 3992003]', '[4029643, 4030094]']",0.0,0.0,0.0,0.0
19,2L,4030920,4037440,4122500,4127210,0,False,0.0,0.0,0.0,0.0
20,2L,5270130,5277760,5315580,5322160,1,"['[5273920, 5274495]', '[5320079, 5320505]']",0.0139348518161229,0.0,0.0,0.0
21,2L,5401000,5408000,5457000,5466000,1,"['[5403494, 5403951]', '[5461203, 5461627]']",0.287052236848288,1.0,1.0,1.0
22,2L,5402970,5407020,5515020,5519230,0,False,0.0,0.0,0.0,0.0
23,2L,5419000,5422800,5513800,5518100,0,False,0.0,0.0,0.0,0.0
24,2L,5461700,5466600,5511900,5516300,1,"['[5465266, 5465545]', '[5514835, 5515066]']",-0.0171202978869732,0.0,0.0,0.0
25,2L,6364000,6400300,13664000,13696000,0,False,0.0,0.0,0.0,0.0
26,2L,9054300,9105900,13692000,13737000,0,False,0.0,0.0,0.0,0.0
27,2L,9467200,9492300,13644000,13672000,0,False,0.0,0.0,0.0,0.0
28,2L,6073540,6078610,6087420,6093510,1,"['[6075388, 6075826]', '[6090400, 6090972]']",0.237236152834942,1.0,1.0,1.0
29,2L,5401000,5409000,5416000,5424000,1,"['[5400984, 5401201]', '[5418203, 5418473]']",-0.037225629760943,0.0,0.0,0.0
30,2L,5418000,5427000,5458000,5466000,1,"['[5418203, 5418473]', '[5465266, 5465545]']",0.227836080715602,0.0,0.0,0.0
31,2L,6173000,6182000,6246000,6256000,1,"['[6176928, 6177393]', '[6249463, 6249792]']",0.0671793228009059,0.0,1.0,0.0
32,2L,6356962,6357076,9464540,9464794,0,False,0.0,1.0,1.0,1.0
33,2L,6411271,6411420,9083037,9083252,0,False,0.0,0.0,0.0,0.0
34,2L,6411271,6411420,9486317,9486504,0,False,0.0,0.0,0.0,0.0
35,2L,6531600,6554800,6819600,6839900,0,False,0.0,0.0,0.0,0.0
36,2L,7130000,7140000,7154000,7163000,1,"['[7138466, 7138928]', '[7156453, 7156778]']",0.201372658956794,0.0,1.0,0.0
37,2L,7541330,7548900,7588820,7594580,1,"['[7543547, 7543862]', '[7591747, 7592167]']",0.255767283553256,0.0,0.0,0.0
38,2L,7540340,7547170,7635480,7640910,0,False,0.0,0.0,0.0,0.0
39,2L,8480050,8491320,8678670,8689180,0,False,0.0,0.0,0.0,0.0
40,2L,9017000,9025000,9069000,9077000,1,"['[9018733, 9018898]', '[9071207, 9071569]']",0.0,0.0,0.0,0.0
41,2L,9083037,9083252,9486317,9486504,0,False,0.0,0.0,0.0,0.0
42,2L,9172000,9180000,9201000,9210000,1,"['[9179212, 9179594]', '[9205030, 9205918]']",0.371415245700251,0.0,1.0,0.0
43,2L,9253000,9261000,9320000,9331000,1,"['[9252528, 9252986]', '[9330905, 9331818]']",0.028958458663465,0.0,0.0,0.0
44,2L,9268000,9274000,9318000,9326000,1,"['[9270986, 9271137]', '[9318992, 9319159]']",0.0,1.0,1.0,1.0
45,2L,9358710,9362380,9413720,9417230,1,"['[9360601, 9360762]', '[9415127, 9415299]']",0.0,0.0,0.0,0.0
46,2L,9575800,9585640,9606460,9613620,1,"['[9580510, 9580864]', '[9608376, 9608793]']",0.208115826888051,1.0,1.0,1.0
47,2L,9658100,9666300,9695900,9700100,1,"['[9661043, 9661342]', '[9695811, 9696072]']",-0.0983329485017093,0.0,0.0,0.0
48,2L,10052000,10060000,10176000,10187000,0,False,0.0,0.0,0.0,0.0
49,2L,11349000,11369000,11436000,11459000,1,"['[11362853, 11363264]', '[11437673, 11438796]']",0.161904798328302,1.0,1.0,1.0
50,2L,11281500,11292700,11486300,11499800,0,False,0.0,0.0,0.0,0.0
51,2L,11285000,11293000,11443000,11450000,0,False,0.0,0.0,0.0,0.0
52,2L,11282000,11303000,11346000,11365000,1,"['[11300587, 11300968]', '[11357416, 11357878]']",0.267532883508423,0.0,0.0,0.0
53,2L,11352000,11361000,11487000,11494000,0,False,0.0,0.0,0.0,0.0
54,2L,11443000,11452000,11489000,11495000,1,"['[11450561, 11450811]', '[11491268, 11491696]']",0.290816969505572,0.0,0.0,0.0
55,2L,11573000,11591000,11757000,11773000,0,False,0.0,0.0,0.0,0.0
56,2L,11875000,11883000,11898000,11908000,1,"['[11874974, 11875203]', '[11900953, 11901263]']",0.0,0.0,0.0,0.0
57,2L,12002400,12006000,12009700,12011400,1,"['[12003013, 12003906]', '[12011375, 12012462]']",0.693762178991828,0.0,0.0,0.0
58,2L,12585000,12589000,12615600,12619600,1,"['[12588606, 12588982]', '[12618027, 12618339]']",-0.314763883185149,0.0,0.0,0.0
59,2L,12583700,12589200,12653600,12659100,0,False,0.0,0.0,0.0,0.0
60,2L,12615000,12617500,12655000,12657500,1,"['[12615287, 12615448]', '[12657326, 12657700]']",-0.218473471829571,0.0,0.0,0.0
61,2L,12614800,12623000,12674500,12682700,1,"['[12623042, 12623418]', '[12681543, 12681972]']",0.463198954950627,1.0,1.0,0.0
62,2L,12655000,12661000,12676000,12681000,1,"['[12660404, 12660699]', '[12679232, 12679662]']",-0.264924762930415,0.0,0.0,0.0
63,2L,12819000,12828000,12850000,12859000,1,"['[12822684, 12823039]', '[12854611, 12854964]']",0.0033117848203399,0.0,0.0,0.0
64,2L,13033000,13039000,13057000,13064000,1,"['[13032960, 13033189]', '[13063948, 13064396]']",0.501227706058545,0.0,0.0,0.0
65,2L,13033000,13040000,13112000,13119000,0,False,0.0,0.0,0.0,0.0
66,2L,13057000,13063000,13111000,13118000,1,"['[13057421, 13057646]', '[13113677, 13114015]']",0.230114702567385,0.0,0.0,0.0
67,2L,13335000,13345000,13358000,13367000,1,"['[13341255, 13341406]', '[13363073, 13363282]']",0.0,0.0,0.0,0.0
68,2L,13341246,13341345,19605730,19606453,0,False,0.0,0.0,0.0,0.0
69,2L,13341246,13341345,20242787,20242903,0,False,0.0,0.0,1.0,0.0
70,2L,13349488,13349601,19590435,19590878,0,False,0.0,0.0,1.0,0.0
71,2L,13349488,13349601,20229934,20230109,0,False,0.0,0.0,1.0,0.0
72,2L,13363107,13363206,19605730,19606453,0,False,0.0,0.0,0.0,0.0
73,2L,13363107,13363206,20242787,20242903,0,False,0.0,0.0,1.0,0.0
74,2L,13715000,13721000,13764000,13772000,1,"['[13717195, 13717441]', '[13766706, 13766869]']",0.0,0.0,0.0,0.0
75,2L,14407000,14415000,14486000,14495000,1,"['[14413206, 14413399]', '[14488115, 14488331]']",-0.294904431648106,0.0,0.0,0.0
76,2L,14793000,14804000,14966000,14978000,0,False,0.0,0.0,0.0,0.0
77,2L,15327000,15338000,15420000,15431000,0,False,0.0,0.0,0.0,0.0
78,2L,15803000,15810000,15960000,15968000,0,False,0.0,0.0,0.0,0.0
79,2L,15804000,15811000,15998000,16005000,0,False,0.0,0.0,0.0,0.0
80,2L,15959000,15968000,15995000,16006000,1,"['[15962412, 15962563]', '[16000235, 16000468]']",0.0,0.0,0.0,0.0
81,2L,16046000,16054000,16195000,16205000,0,False,0.0,0.0,0.0,0.0
82,2L,16419000,16426000,16483000,16492000,1,"['[16423115, 16423332]', '[16491697, 16491930]']",0.0831693963577372,1.0,1.0,1.0
83,2L,16542500,16553800,16597600,16603800,1,"['[16553461, 16553627]', '[16600723, 16601012]']",0.025190561637967,0.0,0.0,0.0
84,2L,16967000,16975000,17126000,17135000,0,False,0.0,0.0,0.0,0.0
85,2L,16969600,16976400,17099600,17107500,0,False,0.0,0.0,0.0,0.0
86,2L,17099600,17105300,17128700,17132900,1,"['[17100651, 17100802]', '[17130897, 17131131]']",0.0,0.0,0.0,0.0
87,2L,17260794,17260893,17328015,17328118,1,"['[17260617, 17260999]', '[17327875, 17328167]']",0.0128449810937219,0.0,0.0,0.0
88,2L,17538000,17545000,17559000,17562000,1,"['[17542612, 17542928]', '[17560579, 17560918]']",0.715890228352407,0.0,0.0,0.0
89,2L,17558000,17566900,17584100,17591000,1,"['[17564562, 17565095]', '[17588270, 17588582]']",0.856353892863359,0.0,0.0,0.0
90,2L,17616000,17625000,17839000,17850000,0,False,0.0,0.0,0.0,0.0
91,2L,17681900,17693900,17858800,17864500,0,False,0.0,0.0,0.0,0.0
92,2L,17698000,17707000,17897000,17908000,0,False,0.0,0.0,0.0,0.0
93,2L,17699000,17709000,17938000,17949000,0,False,0.0,0.0,0.0,0.0
94,2L,17733900,17737200,17750800,17754400,1,"['[17735310, 17736198]', '[17752329, 17752957]']",0.689599825138045,0.0,0.0,0.0
95,2L,17897000,17913000,17936000,17952000,1,"['[17903064, 17903304]', '[17940982, 17941133]']",0.0,0.0,0.0,0.0
96,2L,18274000,18280000,18393000,18402000,0,False,0.0,0.0,0.0,0.0
97,2L,18310000,18329000,18353000,18372000,1,"['[18311652, 18312236]', '[18358473, 18358832]']",0.42955036133476,0.0,0.0,0.0
98,2L,18879000,18887200,18930500,18938300,1,"['[18882815, 18883083]', '[18930458, 18930835]']",0.24946474358239,0.0,1.0,1.0
99,2L,19081500,19088500,19103700,19109700,1,"['[19083295, 19083581]', '[19103076, 19103970]']",0.436525823621312,0.0,0.0,0.0
100,2L,19186000,19196000,19358000,19370000,0,False,0.0,1.0,1.0,1.0
101,2L,19590435,19590878,20229934,20230109,0,False,0.0,0.0,1.0,0.0
102,2L,19605730,19606453,20242787,20242903,0,False,0.0,0.0,1.0,0.0
103,2L,19814800,19821600,19884500,19890200,1,"['[19819892, 19820190]', '[19889456, 19889640]']",-0.113267196883239,0.0,0.0,0.0
104,2L,20121011,20121291,21683418,21684019,0,False,0.0,1.0,1.0,1.0
105,2L,21825000,21832000,21895000,21903000,1,"['[21828358, 21829122]', '[21899204, 21899749]']",0.137512065992303,1.0,1.0,1.0
106,2L,21826000,21832000,22017000,22025000,0,False,0.0,1.0,0.0,1.0
107,2L,21896000,21904000,22021000,22029000,0,False,0.0,1.0,1.0,1.0
108,2R,5698100,5708740,5973400,5982200,0,False,0.0,0.0,0.0,0.0
109,2R,5752500,5772500,5967500,5987500,0,False,0.0,0.0,1.0,0.0
110,2R,6571000,6581000,6608000,6616000,1,"['[6573162, 6574357]', '[6612866, 6613302]']",0.331341338885804,1.0,1.0,0.0
111,2R,7348000,7359000,7377000,7387000,1,"['[7357562, 7357838]', '[7380562, 7380996]']",-0.133934811151852,0.0,1.0,1.0
112,2R,8013000,8018000,8050000,8054000,1,"['[8014165, 8014635]', '[8052646, 8053026]']",0.0980980484252075,1.0,1.0,1.0
113,2R,8269740,8272970,8286190,8290310,1,"['[8269687, 8269838]', '[8288038, 8288193]']",-0.005068048879141,0.0,0.0,0.0
114,2R,8270300,8273750,8323740,8327300,1,"['[8272339, 8273032]', '[8326899, 8327404]']",0.205352780840297,0.0,0.0,0.0
115,2R,8286210,8291130,8324240,8327550,1,"['[8288849, 8289028]', '[8325487, 8325662]']",-0.0003690031362652,0.0,0.0,0.0
116,2R,8412000,8423000,8512000,8524000,0,False,0.0,0.0,0.0,0.0
117,2R,8404350,8409980,8527780,8533550,0,False,0.0,0.0,0.0,0.0
118,2R,8403750,8412240,8555290,8563400,0,False,0.0,0.0,0.0,0.0
119,2R,8529190,8535490,8554200,8559250,1,"['[8530071, 8530222]', '[8554100, 8554287]']",0.0,0.0,0.0,0.0
120,2R,8686543,8686776,22059021,22059101,0,False,0.0,0.0,0.0,0.0
121,2R,8715833,8715925,21977998,21978257,0,False,0.0,0.0,1.0,0.0
122,2R,8797637,8798296,15010785,15011360,0,False,0.0,1.0,1.0,1.0
123,2R,8797637,8798296,15109555,15109656,0,False,0.0,1.0,1.0,1.0
124,2R,10911000,10925000,11100000,11125000,0,False,0.0,0.0,0.0,0.0
125,2R,11470000,11483000,11522000,11536000,1,"['[11482599, 11483578]', '[11535161, 11535552]']",0.174521724405656,1.0,1.0,1.0
126,2R,11471000,11484000,11560000,11571000,0,False,0.0,1.0,1.0,0.0
127,2R,11525000,11536000,11559000,11568000,1,"['[11532798, 11533136]', '[11566892, 11567232]']",0.150679986594003,0.0,0.0,1.0
128,2R,11453800,11462200,11584200,11589200,0,False,0.0,0.0,0.0,0.0
129,2R,11591900,11596200,11613300,11616900,1,"['[11593380, 11593608]', '[11613012, 11613309]']",0.225803530608803,0.0,1.0,0.0
130,2R,11704000,11717000,11751000,11762000,1,"['[11716525, 11716945]', '[11756322, 11756813]']",0.179170091571243,0.0,0.0,0.0
131,2R,11706000,11717000,11781000,11795000,1,"['[11713762, 11714007]', '[11794117, 11795423]']",0.217706785623641,1.0,1.0,1.0
132,2R,11750000,11766000,11787000,11795000,1,"['[11756322, 11756813]', '[11787650, 11787943]']",0.173777852312842,0.0,0.0,1.0
133,2R,12882000,12887000,12902000,12906000,1,"['[12886853, 12887236]', '[12904377, 12904706]']",0.14040332775025,0.0,1.0,0.0
134,2R,12956300,12959400,12979200,12984300,1,"['[12958424, 12959217]', '[12980596, 12981207]']",0.549163563521694,1.0,1.0,1.0
135,2R,12953200,12960700,13035200,13042500,1,"['[12955875, 12956144]', '[13042144, 13042358]']",-0.176449710597559,0.0,0.0,0.0
136,2R,12977900,12981900,13036200,13041800,1,"['[12978981, 12979152]', '[13041599, 13041804]']",-0.181441400410051,0.0,1.0,0.0
137,2R,12993700,12997700,13035700,13042300,1,"['[12997513, 12997751]', '[13035398, 13035664]']",0.111100512540538,0.0,1.0,1.0
138,2R,13342600,13346900,13359300,13363800,1,"['[13346266, 13346417]', '[13359584, 13359954]']",-0.0105616227592476,0.0,0.0,0.0
139,2R,13668800,13671800,13686200,13687600,1,"['[13671064, 13671288]', '[13686974, 13687177]']",0.07725624914482,0.0,0.0,0.0
140,2R,14004000,14007500,14030100,14031600,1,"['[14006774, 14007326]', '[14031364, 14031804]']",0.226500218554006,0.0,0.0,0.0
141,2R,14796500,14800300,14812000,14815400,1,"['[14800098, 14800392]', '[14815039, 14815390]']",0.25576465316881,0.0,1.0,0.0
142,2R,14935200,14937000,14945000,14946600,1,"['[14935569, 14935762]', '[14946404, 14946643]']",0.003133472623704,0.0,0.0,0.0
143,2R,15010785,15011360,15109555,15109656,0,False,0.0,1.0,1.0,1.0
144,2R,15568100,15575700,15842900,15849100,0,False,0.0,0.0,0.0,0.0
145,2R,15695000,15698500,15817500,15827800,0,False,0.0,0.0,0.0,0.0
146,2R,17141900,17159300,17387900,17393200,0,False,0.0,0.0,0.0,0.0
147,2R,17211000,17222000,17256000,17268000,1,"['[17215735, 17216047]', '[17261036, 17261207]']",0.0,0.0,0.0,0.0
148,2R,17261000,17271000,17330000,17343000,1,"['[17263770, 17264036]', '[17337378, 17338069]']",0.286689056680393,0.0,1.0,0.0
149,2R,19029000,19039000,19063000,19073000,1,"['[19028982, 19029254]', '[19066944, 19067201]']",0.0,0.0,0.0,0.0
150,2R,18834000,18857000,19125000,19143000,0,False,0.0,0.0,0.0,0.0
151,2R,18960000,18980000,19124000,19139000,0,False,0.0,0.0,0.0,0.0
152,2R,19241000,19253000,19272000,19283000,1,"['[19249500, 19250056]', '[19279227, 19279587]']",0.280322849900533,0.0,0.0,0.0
153,2R,19252000,19257800,19271200,19276700,1,"['[19253877, 19254494]', '[19271609, 19272102]']",0.383683423258996,0.0,0.0,0.0
154,2R,19689000,19700000,19819000,19832000,0,False,0.0,0.0,0.0,0.0
155,2R,19823400,19832200,19933600,19939700,0,False,0.0,0.0,0.0,0.0
156,2R,20379000,20391000,20416000,20429000,1,"['[20387967, 20388118]', '[20415985, 20416150]']",0.0,0.0,0.0,0.0
157,2R,20693000,20707000,20804000,20817000,0,False,0.0,0.0,0.0,0.0
158,2R,20908000,20922000,20930000,20941000,1,"['[20908406, 20908627]', '[20931066, 20931407]']",0.252827779675944,0.0,0.0,0.0
159,2R,20910000,20924000,20957000,20968000,1,"['[20916572, 20916855]', '[20961341, 20961614]']",0.292947889444553,1.0,1.0,0.0
160,2R,20932000,20945000,20957000,20967000,1,"['[20933627, 20933901]', '[20957854, 20958095]']",-0.204533888473497,0.0,0.0,0.0
161,2R,21750000,21760000,21866000,21877000,0,False,0.0,0.0,0.0,0.0
162,2R,21867900,21876100,21966500,21971800,0,False,0.0,0.0,0.0,0.0
163,2R,22214000,22226000,22292000,22302000,1,"['[22220820, 22221024]', '[22293245, 22293484]']",0.162148048899498,0.0,0.0,0.0
164,2R,22239000,22249000,22264000,22274000,1,"['[22242821, 22243302]', '[22270335, 22271004]']",0.369923223625196,0.0,1.0,0.0
165,2R,22427000,22439000,22449000,22459000,1,"['[22426750, 22427130]', '[22454606, 22454784]']",0.000916204895418,0.0,0.0,0.0
166,2R,22676500,22678900,22686700,22689600,1,"['[22678105, 22678720]', '[22687826, 22689162]']",0.596463499352591,0.0,1.0,0.0
167,2R,22888100,22892500,22917600,22920500,1,"['[22888503, 22888718]', '[22917036, 22917610]']",-0.0155014739199287,0.0,0.0,0.0
168,2R,23195000,23215000,23317500,23340000,0,False,0.0,0.0,0.0,0.0
169,2R,24811000,24824000,24847000,24858000,1,"['[24812072, 24812450]', '[24851984, 24852392]']",0.214035511933844,0.0,1.0,0.0
170,3L,34000,47000,122000,135000,0,False,0.0,1.0,1.0,1.0
171,3L,67000,80000,123000,137000,1,"['[67471, 68059]', '[122904, 123385]']",-0.206145542256106,0.0,0.0,0.0
172,3L,371000,384000,427000,440000,1,"['[377859, 378498]', '[432642, 433765]']",0.236510476188462,0.0,0.0,0.0
173,3L,672000,673000,750000,751000,1,"['[672019, 672194]', '[749122, 750327]']",-0.100198282839283,1.0,1.0,1.0
174,3L,711150,718793,743939,748879,1,"['[715865, 716119]', '[745311, 745572]']",0.47172198546531,1.0,0.0,1.0
175,3L,719993,725972,745365,750792,1,"['[724834, 727315]', '[749122, 750327]']",0.645458219837792,0.0,0.0,0.0
176,3L,744000,756000,804000,817000,1,"['[749122, 750327]', '[813482, 813905]']",-0.178007123139108,0.0,0.0,0.0
177,3L,857301,857896,1997924,1998004,0,False,0.0,0.0,0.0,0.0
178,3L,857301,857896,2228637,2229443,0,False,0.0,1.0,1.0,0.0
179,3L,866555,866635,1997924,1998004,0,False,0.0,0.0,0.0,0.0
180,3L,866555,866635,2228637,2229443,0,False,0.0,1.0,1.0,1.0
181,3L,1097000,1110000,1169000,1185000,1,"['[1102346, 1102661]', '[1169468, 1170507]']",0.0922564508877073,0.0,1.0,1.0
182,3L,1360000,1376000,1457000,1471000,0,False,0.0,1.0,1.0,1.0
183,3L,1997924,1998004,2228637,2229443,0,False,0.0,0.0,0.0,0.0
184,3L,2276000,2290000,2316000,2332000,1,"['[2275524, 2275953]', '[2316133, 2316332]']",0.0,0.0,0.0,0.0
185,3L,3844000,3850000,3874000,3882000,1,"['[3847914, 3848140]', '[3875505, 3876009]']",0.368480659503148,1.0,1.0,1.0
186,3L,4800832,4800919,7013903,7013999,0,False,0.0,0.0,0.0,0.0
187,3L,4805867,4806024,6995566,6995671,0,False,0.0,0.0,1.0,0.0
188,3L,4972500,4984000,5072500,5097000,0,False,0.0,0.0,0.0,0.0
189,3L,6170250,6194450,6729200,6750270,0,False,0.0,1.0,1.0,1.0
190,3L,5265000,5290000,5320000,5335000,1,"['[5265286, 5265437]', '[5325785, 5325936]']",0.0,0.0,0.0,0.0
191,3L,5418000,5429000,5451000,5474000,1,"['[5423622, 5423844]', '[5452631, 5452810]']",0.0,0.0,0.0,0.0
192,3L,6100300,6125900,7948400,7970300,0,False,0.0,0.0,0.0,0.0
193,3L,6347500,6368000,6395000,6410000,1,"['[6352340, 6352573]', '[6400337, 6400634]']",0.155472000596788,1.0,1.0,1.0
194,3L,6623844,6623950,9251803,9251894,0,False,0.0,1.0,1.0,0.0
195,3L,6652992,6653122,9330170,9330277,0,False,0.0,1.0,1.0,1.0
196,3L,6785000,6801000,6842000,6854000,1,"['[6785882, 6786116]', '[6845507, 6846218]']",0.267615813489559,1.0,0.0,0.0
197,3L,6785000,6802000,6898000,6909000,1,"['[6800234, 6800418]', '[6899385, 6899572]']",-0.006589634783076,0.0,1.0,1.0
198,3L,6842000,6855000,6898000,6908000,1,"['[6845507, 6846218]', '[6899385, 6899572]']",0.0985077140106557,0.0,0.0,0.0
199,3L,7413000,7432500,7483000,7502500,1,"['[7432023, 7432326]', '[7494880, 7495301]']",-0.0094071564423244,0.0,0.0,0.0
200,3L,9014840,9022390,9038070,9041180,1,"['[9016504, 9017524]', '[9039029, 9039484]']",0.357471062065592,0.0,1.0,0.0
201,3L,7643683,7643786,17254304,17254408,0,False,0.0,0.0,1.0,0.0
202,3L,7643683,7643786,17269577,17269669,0,False,0.0,0.0,1.0,0.0
203,3L,9752000,9769000,9784000,9795000,1,"['[9763426, 9763996]', '[9786884, 9787119]']",0.0919551547921325,0.0,0.0,0.0
204,3L,9969000,9981000,10081000,10094000,0,False,0.0,0.0,0.0,0.0
205,3L,10240000,10253000,10317000,10330000,1,"['[10253014, 10253165]', '[10325535, 10325924]']",0.0670626625687381,1.0,1.0,1.0
206,3L,10283000,10297000,10301000,10313000,1,"['[10296561, 10296854]', '[10308021, 10308492]']",0.404163449218624,0.0,1.0,0.0
207,3L,10325700,10334100,10361300,10366500,1,"['[10330537, 10331191]', '[10360965, 10361600]']",0.4042687293716,0.0,0.0,0.0
208,3L,10359000,10372000,10417000,10430000,1,"['[10360144, 10360479]', '[10427404, 10427660]']",0.126623829054881,0.0,0.0,0.0
209,3L,10732000,10744000,10849000,10864000,0,False,0.0,0.0,1.0,1.0
210,3L,11244000,11256000,11420000,11431000,0,False,0.0,1.0,1.0,1.0
211,3L,11244000,11257000,11480000,11494000,0,False,0.0,1.0,1.0,1.0
212,3L,11425000,11438000,11479000,11491000,1,"['[11429434, 11429893]', '[11486243, 11486533]']",0.120089234885997,1.0,1.0,1.0
213,3L,11830000,11846000,11932000,11947000,0,False,0.0,0.0,0.0,0.0
214,3L,12289400,12302400,12321800,12330000,1,"['[12294612, 12294949]', '[12321964, 12322308]']",0.356141230087217,0.0,0.0,0.0
215,3L,12429000,12442000,12464000,12475000,1,"['[12434495, 12434720]', '[12468001, 12468340]']",0.062453182375195,1.0,1.0,1.0
216,3L,12578000,12584900,12621200,12628200,1,"['[12580002, 12580745]', '[12622019, 12622385]']",0.0731936116109218,0.0,0.0,0.0
217,3L,12606000,12612000,12683000,12694000,1,"['[12609359, 12609608]', '[12692893, 12693679]']",0.211491557487978,0.0,0.0,0.0
218,3L,12577700,12584300,12605200,12610600,1,"['[12580002, 12580745]', '[12608056, 12608464]']",0.108404663735566,0.0,0.0,0.0
219,3L,12648000,12662000,12683000,12700000,1,"['[12651219, 12651934]', '[12687181, 12687742]']",0.292435269571475,1.0,1.0,1.0
220,3L,12650800,12654600,12723100,12733900,1,"['[12651219, 12651934]', '[12727305, 12727601]']",0.229705807635308,0.0,0.0,0.0
221,3L,12690800,12699600,12713900,12719700,1,"['[12697586, 12697871]', '[12719327, 12719882]']",0.225253084112168,0.0,0.0,0.0
222,3L,12853587,12853792,18742660,18743975,0,False,0.0,1.0,0.0,1.0
223,3L,12853587,12853792,20004565,20005220,0,False,0.0,1.0,0.0,1.0
224,3L,12857668,12858024,18742660,18743975,0,False,0.0,1.0,1.0,1.0
225,3L,12857668,12858024,20004565,20005220,0,False,0.0,1.0,1.0,1.0
226,3L,12868113,12868302,18742660,18743975,0,False,0.0,1.0,1.0,1.0
227,3L,12868113,12868302,20004565,20005220,0,False,0.0,1.0,1.0,1.0
228,3L,13108000,13121000,13223000,13234000,0,False,0.0,1.0,1.0,1.0
229,3L,14110200,14120700,14171500,14179800,1,"['[14114223, 14114477]', '[14172837, 14172997]']",0.31531442253979,0.0,0.0,0.0
230,3L,14126000,14138000,14173000,14184000,1,"['[14135443, 14136231]', '[14176113, 14177375]']",0.432768489239108,1.0,0.0,0.0
231,3L,14574000,14587000,14594000,14608000,1,"['[14576359, 14576697]', '[14595381, 14595692]']",0.284013583260608,1.0,1.0,1.0
232,3L,15019000,15023000,15040000,15045000,1,"['[15021162, 15021423]', '[15043904, 15044285]']",0.545776821976736,1.0,0.0,0.0
233,3L,15694300,15705600,15723700,15730800,1,"['[15699735, 15700342]', '[15729174, 15729654]']",0.336264066215694,1.0,1.0,0.0
234,3L,17208900,17216000,17235100,17241600,1,"['[17211686, 17211906]', '[17237944, 17238548]']",0.118612219651571,0.0,0.0,0.0
235,3L,17560500,17567000,17584800,17594900,1,"['[17563551, 17564138]', '[17590551, 17591015]']",0.304891159741142,0.0,0.0,0.0
236,3L,17912000,17923000,17956000,17969000,1,"['[17913997, 17914346]', '[17962240, 17962531]']",0.296184302802481,0.0,0.0,0.0
237,3L,18184400,18190200,18230600,18234900,1,"['[18185558, 18185877]', '[18234192, 18234868]']",0.461916735107264,0.0,1.0,1.0
238,3L,18301000,18315000,18436000,18448000,0,False,0.0,1.0,1.0,0.0
239,3L,18742660,18743975,20004565,20005220,0,False,0.0,1.0,1.0,1.0
240,3L,20616000,20629000,20687000,20700000,1,"['[20620495, 20621024]', '[20695276, 20695766]']",0.241466660868589,1.0,1.0,1.0
241,3L,20882000,20887000,20901000,20904000,1,"['[20884294, 20884645]', '[20901079, 20901289]']",0.0,0.0,0.0,0.0
242,3L,18299100,18309100,18395900,18402000,1,"['[18306785, 18307201]', '[18397868, 18398090]']",-0.305411504883308,0.0,0.0,0.0
243,3L,21471000,21486000,21584000,21599000,0,False,0.0,0.0,0.0,0.0
244,3L,21839300,21846900,21876900,21881200,1,"['[21840653, 21841476]', '[21879801, 21880771]']",-0.11624065870222,0.0,0.0,0.0
245,3L,21988000,22002000,22026000,22041000,1,"['[21989694, 21989845]', '[22026802, 22027105]']",-0.0029090774894297,0.0,0.0,0.0
246,3L,22403000,22418000,22566000,22581000,0,False,0.0,1.0,1.0,0.0
247,3R,1437500,1487500,2392500,2432500,0,False,0.0,,,
248,3R,1435000,1500000,4140000,4200000,0,False,0.0,,,
249,3R,2385000,2445000,4135000,4200000,0,False,0.0,,,
250,3R,4052924,4053038,7779850,7780702,0,False,0.0,,1.0,1.0
251,3R,4077772,4077871,7753694,7753785,0,False,0.0,,0.0,0.0
252,3R,4081911,4082022,7779850,7780702,0,False,0.0,,0.0,0.0
253,3R,4334660,4360180,4837350,4859220,0,False,0.0,0.0,0.0,0.0
254,3R,5019000,5025000,5083000,5090000,1,"['[5023328, 5023778]', '[5089593, 5089854]']",0.362571443857968,0.0,0.0,0.0
255,3R,5150633,5150758,12021090,12021281,0,False,0.0,0.0,1.0,0.0
256,3R,5150633,5150758,12094666,12094798,0,False,0.0,0.0,1.0,0.0
257,3R,5956000,5964000,6078000,6086000,0,False,0.0,0.0,0.0,0.0
258,3R,6405800,6410800,6427070,6431810,1,"['[6405779, 6405999]', '[6427934, 6428445]']",0.143223647679598,0.0,0.0,0.0
259,3R,6471000,6478000,6591000,6599000,0,False,0.0,0.0,0.0,0.0
260,3R,6777000,6783000,6805000,6810000,1,"['[6778445, 6778796]', '[6805985, 6806209]']",0.275209121671642,1.0,1.0,1.0
261,3R,6789910,6793180,6889910,6894130,0,False,0.0,0.0,1.0,0.0
262,3R,6846000,6855000,6890000,6897000,1,"['[6848558, 6848963]', '[6893128, 6893761]']",0.182714231965893,1.0,1.0,1.0
263,3R,6851000,6858000,6868000,6875000,1,"['[6854336, 6854631]', '[6870876, 6871113]']",0.118983902375726,1.0,1.0,1.0
264,3R,7302260,7306850,7344150,7348520,1,"['[7304536, 7304692]', '[7344473, 7344624]']",0.0,0.0,0.0,0.0
265,3R,6993370,7003510,7033050,7040510,1,"['[6997019, 6997235]', '[7033553, 7033852]']",0.26208318891508,0.0,1.0,1.0
266,3R,7391000,7399000,7635000,7645000,0,False,0.0,0.0,0.0,0.0
267,3R,7975880,7979690,7995210,7999580,1,"['[7976578, 7976787]', '[7999491, 7999850]']",-0.0137753164309389,0.0,0.0,0.0
268,3R,8306279,8306655,31016931,31017040,0,False,0.0,0.0,0.0,0.0
269,3R,8476000,8483000,8524000,8533000,1,"['[8477520, 8477830]', '[8528822, 8529429]']",0.0466196679053705,1.0,1.0,0.0
270,3R,8677290,8681440,8695650,8700300,1,"['[8680598, 8680892]', '[8697780, 8698161]']",0.289274712992808,0.0,1.0,0.0
271,3R,9156000,9164000,9197000,9203000,1,"['[9156854, 9157385]', '[9199853, 9200010]']",0.0096461101590045,0.0,0.0,0.0
272,3R,9870000,9876000,9975000,9982000,0,False,0.0,0.0,1.0,0.0
273,3R,9872000,9879000,9926000,9932000,1,"['[9872952, 9873205]', '[9927057, 9927808]']",0.184679018140584,0.0,0.0,0.0
274,3R,9871510,9874560,9951070,9954510,0,False,0.0,0.0,0.0,0.0
275,3R,10530000,10541000,10611000,10622000,0,False,0.0,0.0,1.0,1.0
276,3R,10617800,10627400,10656700,10665200,1,"['[10623802, 10624534]', '[10658461, 10658793]']",0.228690764712706,0.0,0.0,0.0
277,3R,10707000,10718000,10752000,10761000,1,"['[10708238, 10708457]', '[10760268, 10761102]']",0.0081139934826211,1.0,0.0,0.0
278,3R,11262000,11276000,11307000,11318000,1,"['[11272787, 11272964]', '[11310754, 11310950]']",0.33780735937996,1.0,1.0,1.0
279,3R,11251000,11264600,11368400,11378100,0,False,0.0,0.0,0.0,0.0
280,3R,11349300,11359200,11369400,11373500,1,"['[11351607, 11352262]', '[11371988, 11373152]']",0.606615957098759,1.0,1.0,1.0
281,3R,11694000,11700000,11718000,11726000,1,"['[11693636, 11693972]', '[11721608, 11721808]']",0.0,0.0,0.0,0.0
282,3R,12021090,12021281,12094666,12094798,1,"['[12021048, 12021245]', '[12094631, 12094974]']",0.0,1.0,0.0,0.0
283,3R,12239000,12249000,12275000,12286000,1,"['[12247988, 12248237]', '[12276135, 12276350]']",0.168024486509614,1.0,1.0,1.0
284,3R,12275800,12282500,12344000,12349600,1,"['[12276135, 12276350]', '[12345864, 12346046]']",0.0423336606270196,0.0,0.0,0.0
285,3R,12780000,12789000,12845000,12853000,1,"['[12783332, 12783511]', '[12848446, 12848616]']",0.0,0.0,0.0,0.0
286,3R,12781000,12788000,12912000,12920000,0,False,0.0,0.0,0.0,0.0
287,3R,12845000,12854000,12912000,12920000,0,False,0.0,0.0,0.0,0.0
288,3R,13152000,13160000,13204000,13211000,1,"['[13151940, 13152123]', '[13205038, 13205218]']",0.0,0.0,0.0,0.0
289,3R,13262000,13270800,13379100,13390400,0,False,0.0,0.0,0.0,0.0
290,3R,13447000,13455000,13535000,13542000,1,"['[13450259, 13450726]', '[13538790, 13539329]']",0.161868469851807,0.0,1.0,1.0
291,3R,13873800,13877600,13891100,13897200,1,"['[13876010, 13876239]', '[13892097, 13894218]']",-0.259049139805939,0.0,0.0,0.0
292,3R,13874000,13880000,13898000,13905000,1,"['[13877190, 13877404]', '[13901618, 13901884]']",-0.114053435128702,0.0,1.0,1.0
293,3R,14982000,14992000,15072000,15081000,0,False,0.0,0.0,0.0,0.0
294,3R,15504800,15519800,15655500,15663600,0,False,0.0,0.0,0.0,0.0
295,3R,16653700,16666900,16972700,16986400,0,False,0.0,0.0,0.0,0.0
296,3R,16896900,16900200,16930900,16937100,1,"['[16898913, 16899315]', '[16934151, 16934617]']",0.192694232537295,0.0,1.0,0.0
297,3R,16916800,16920100,16932400,16938100,1,"['[16918946, 16919330]', '[16938019, 16938312]']",0.0568551551037145,0.0,0.0,0.0
298,3R,17244000,17253000,17342000,17352000,1,"['[17250830, 17251036]', '[17343959, 17344349]']",0.214994285097846,0.0,0.0,0.0
299,3R,17262000,17271000,17363000,17370000,0,False,0.0,0.0,0.0,0.0
300,3R,17651500,17654600,17663500,17666500,1,"['[17653646, 17654424]', '[17666033, 17666303]']",0.39575997008239,0.0,0.0,0.0
301,3R,17916000,17923000,17940000,17947000,1,"['[17919115, 17920056]', '[17943066, 17943489]']",0.0644924873132977,0.0,0.0,0.0
302,3R,18060400,18063900,18119500,18121100,0,False,0.0,1.0,1.0,1.0
303,3R,18109000,18114000,18156000,18163000,1,"['[18111798, 18112023]', '[18157818, 18158240]']",0.0117913113796232,0.0,0.0,0.0
304,3R,18121000,18127000,18158000,18164000,1,"['[18123933, 18124114]', '[18157818, 18158240]']",-0.0639934078507128,0.0,0.0,0.0
305,3R,18257300,18273000,18365800,18375100,0,False,0.0,0.0,0.0,0.0
306,3R,20076000,20084000,20200000,20208000,0,False,0.0,0.0,0.0,0.0
307,3R,21383900,21395700,21551000,21566700,0,False,0.0,0.0,0.0,0.0
308,3R,21520500,21531300,21568000,21579800,1,"['[21530806, 21531266]', '[21568719, 21569133]']",0.095869600814906,0.0,0.0,0.0
309,3R,21823300,21831500,21852700,21857300,1,"['[21824633, 21825340]', '[21854827, 21855148]']",0.232401472438733,0.0,0.0,0.0
310,3R,21922000,21934000,21964000,21977000,1,"['[21922465, 21922616]', '[21971747, 21971980]']",0.0137590774789273,0.0,0.0,0.0
311,3R,21945600,21951400,21968900,21974600,1,"['[21948831, 21949591]', '[21971747, 21971980]']",0.22777258675867,0.0,0.0,0.0
312,3R,22837000,22848000,22894000,22903000,1,"['[22839356, 22839525]', '[22895370, 22895693]']",0.334796281975287,1.0,1.0,0.0
313,3R,23539013,23539141,28672340,28672430,0,False,0.0,0.0,1.0,1.0
314,3R,23557344,23557443,28654730,28654810,0,False,0.0,0.0,1.0,1.0
315,3R,24325000,24351000,24634000,24645000,0,False,0.0,0.0,0.0,1.0
316,3R,24454200,24460600,24481100,24485200,1,"['[24454209, 24454395]', '[24485172, 24485358]']",0.0,0.0,1.0,0.0
317,3R,25136000,25140000,25182000,25188000,1,"['[25137463, 25138334]', '[25184385, 25185170]']",0.600816432438335,1.0,0.0,1.0
318,3R,25249600,25263100,25471500,25490700,0,False,0.0,0.0,1.0,0.0
319,3R,25716000,25726000,25748000,25756000,1,"['[25720820, 25721323]', '[25754742, 25754990]']",0.0799718888499387,0.0,0.0,0.0
320,3R,25718000,25726000,25780000,25787000,1,"['[25719643, 25719824]', '[25782988, 25783166]']",0.0,0.0,0.0,0.0
321,3R,25750000,25757000,25781000,25787000,1,"['[25752966, 25753138]', '[25782988, 25783166]']",0.0,0.0,0.0,0.0
322,3R,25983200,25994600,26041500,26051200,1,"['[25984838, 25985090]', '[26047864, 26048015]']",-0.0416755449563836,0.0,0.0,0.0
323,3R,26260000,26266000,26387000,26393000,0,False,0.0,0.0,0.0,0.0
324,3R,26457800,26465800,26528300,26536900,1,"['[26461293, 26461634]', '[26535163, 26535411]']",0.461579776611723,0.0,0.0,0.0
325,3R,26001300,26007500,26033400,26039600,1,"['[26005946, 26006791]', '[26036788, 26037230]']",0.717890847295361,0.0,0.0,0.0
326,3R,26604000,26611000,26679000,26685000,1,"['[26604186, 26604385]', '[26680558, 26680709]']",0.0,0.0,0.0,0.0
327,3R,26745000,26751000,26796000,26801000,1,"['[26745221, 26745372]', '[26796472, 26797193]']",-0.0006269847822623,0.0,0.0,0.0
328,3R,28043000,28053000,28142000,28151000,1,"['[28050062, 28050252]', '[28146084, 28146238]']",0.0,0.0,0.0,0.0
329,3R,28344000,28355000,28413000,28422000,1,"['[28350731, 28350919]', '[28417992, 28418299]']",0.0,0.0,0.0,0.0
330,3R,28735645,28735738,28801940,28802052,0,False,0.0,0.0,0.0,0.0
331,3R,28735645,28735738,29343984,29346065,0,False,0.0,0.0,1.0,0.0
332,3R,28735645,28735738,29376598,29377448,0,False,0.0,0.0,1.0,1.0
333,3R,28801940,28802052,29343984,29346065,0,False,0.0,0.0,1.0,1.0
334,3R,28801940,28802052,29376598,29377448,0,False,0.0,1.0,1.0,1.0
335,3R,29254700,29261600,29300700,29306900,1,"['[29257918, 29258444]', '[29305082, 29305857]']",0.360170753845899,0.0,1.0,0.0
336,3R,29550000,29561200,29685100,29697000,0,False,0.0,0.0,0.0,0.0
337,3R,29343984,29346065,29376598,29377448,1,"['[29344807, 29344980]', '[29377195, 29377763]']",0.244883955755448,1.0,1.0,0.0
338,3R,30612000,30622000,30659000,30668000,1,"['[30617168, 30617552]', '[30666200, 30666363]']",0.0044126874820233,0.0,0.0,0.0
339,3R,30612000,30622000,30762000,30770000,0,False,0.0,0.0,0.0,0.0
340,3R,30660000,30669000,30761000,30769000,0,False,0.0,0.0,0.0,0.0
341,3R,30712500,30728800,30760400,30767300,1,"['[30724223, 30724501]', '[30761017, 30761291]']",0.532893868135425,0.0,0.0,0.0
342,3R,31006200,31012900,31046600,31049700,1,"['[31010071, 31010448]', '[31048750, 31049005]']",0.0767640524050653,0.0,0.0,0.0
343,3R,30848800,30852900,30907600,30912200,1,"['[30851790, 30852336]', '[30912193, 30912817]']",0.31391771447572,0.0,0.0,0.0
344,4,835572,849132,975921,992190,0,False,0.0,0.0,0.0,1.0
345,4,130017,133911,192326,196563,1,"['[131987, 132272]', '[193348, 193661]']",0.0570925837895873,0.0,0.0,0.0
346,4,697860,720496,979480,998765,0,False,0.0,0.0,0.0,1.0
347,4,981274,1002580,1086900,1109900,1,"['[1000153, 1000788]', '[1097718, 1097916]']",-0.0773738597738977,0.0,1.0,1.0
348,X,841000,849000,882000,889000,1,"['[841042, 841383]', '[884448, 884703]']",0.0939949923364112,1.0,0.0,0.0
349,X,945883,945994,986055,986686,1,"['[945624, 945917]', '[986028, 986205]']",0.0,0.0,0.0,0.0
350,X,945883,945994,1009817,1010125,0,False,0.0,0.0,0.0,0.0
351,X,945883,945994,16063069,16063683,0,False,0.0,0.0,1.0,1.0
352,X,986055,986686,1009817,1010125,1,"['[986028, 986205]', '[1009576, 1009814]']",0.0,0.0,1.0,0.0
353,X,986055,986686,16063069,16063683,0,False,0.0,0.0,1.0,0.0
354,X,1009817,1010125,16063069,16063683,0,False,0.0,0.0,1.0,1.0
355,X,1004000,1016000,17527000,17539000,0,False,0.0,0.0,0.0,1.0
356,X,2522000,2529000,2544000,2552000,1,"['[2524908, 2525267]', '[2545345, 2545716]']",0.0841638517207413,0.0,0.0,0.0
357,X,2884000,2892000,3095000,3104000,0,False,0.0,0.0,0.0,0.0
358,X,2970000,2979000,3022000,3031000,1,"['[2974771, 2975417]', '[3026549, 3026825]']",0.248932946535266,1.0,1.0,1.0
359,X,3250520,3256290,3281400,3287680,1,"['[3255918, 3256216]', '[3285394, 3285597]']",0.0268746690014435,0.0,0.0,0.0
360,X,3366000,3380000,3448000,3455000,1,"['[3375600, 3376045]', '[3448949, 3449631]']",0.130371825702331,1.0,1.0,1.0
361,X,3740460,3745270,3774180,3778690,1,"['[3742262, 3743149]', '[3777180, 3777557]']",0.546624412314204,1.0,0.0,1.0
362,X,4202000,4211000,4280000,4293000,1,"['[4210142, 4210449]', '[4280928, 4281135]']",0.0947359156028536,0.0,0.0,0.0
363,X,4408830,4427170,4506030,4525180,0,False,0.0,1.0,0.0,0.0
364,X,4411000,4430700,4592300,4607300,0,False,0.0,0.0,0.0,0.0
365,X,5083000,5090000,5290000,5298000,0,False,0.0,0.0,0.0,0.0
366,X,5145000,5158000,5285000,5297000,0,False,0.0,0.0,0.0,0.0
367,X,4746270,4753860,4838070,4843770,1,"['[4752044, 4752223]', '[4840645, 4840954]']",0.0,0.0,0.0,0.0
368,X,4410340,4413430,4424500,4426810,1,"['[4411443, 4411717]', '[4426683, 4427116]']",0.261687098284771,0.0,1.0,0.0
369,X,4408460,4413570,4505190,4508930,0,False,0.0,0.0,0.0,0.0
370,X,4423960,4426870,4505750,4509770,0,False,0.0,0.0,1.0,0.0
371,X,5433097,5433506,17611610,17611703,0,False,0.0,0.0,1.0,0.0
372,X,5523000,5532000,5610000,5616000,0,False,0.0,1.0,1.0,1.0
373,X,5558000,5565000,5589000,5596000,1,"['[5560563, 5560934]', '[5593946, 5594200]']",0.126283373584347,0.0,0.0,1.0
374,X,5636000,5641000,5648000,5651000,1,"['[5638521, 5638707]', '[5649280, 5649599]']",0.347811022824865,0.0,0.0,0.0
375,X,5988000,5999000,6031000,6041000,1,"['[5997658, 5998256]', '[6031523, 6031833]']",0.251407407323956,1.0,1.0,1.0
376,X,6365000,6381000,6517000,6532000,0,False,0.0,0.0,1.0,1.0
377,X,7161170,7168260,7238300,7244150,1,"['[7167552, 7168069]', '[7238734, 7238976]']",0.358529389099942,1.0,1.0,0.0
378,X,7160560,7165740,7221230,7226990,1,"['[7163484, 7163741]', '[7224885, 7225229]']",0.481706204349233,0.0,0.0,0.0
379,X,7441000,7452000,7602000,7614000,0,False,0.0,0.0,0.0,1.0
380,X,7602000,7613000,7621000,7630000,1,"['[7603248, 7603448]', '[7629231, 7629487]']",0.193163397011865,1.0,1.0,0.0
381,X,7750000,7779000,7817500,7835000,1,"['[7757567, 7757718]', '[7825495, 7825650]']",0.0,0.0,0.0,0.0
382,X,8277800,8285280,8360570,8378790,0,False,0.0,0.0,0.0,0.0
383,X,8621000,8632000,8670000,8680000,1,"['[8624011, 8624414]', '[8673941, 8674394]']",0.236740806897672,1.0,1.0,1.0
384,X,8720000,8727000,8834000,8841000,0,False,0.0,1.0,1.0,1.0
385,X,11178900,11190500,11290300,11297200,0,False,0.0,0.0,0.0,0.0
386,X,12030000,12041000,12435000,12443000,0,False,0.0,0.0,0.0,0.0
387,X,9690820,9696680,9725040,9731230,1,"['[9693778, 9694164]', '[9729072, 9729630]']",0.351642932309659,1.0,1.0,0.0
388,X,12082000,12090000,12386000,12394000,0,False,0.0,0.0,0.0,0.0
389,X,12081000,12092000,12198000,12206000,0,False,0.0,1.0,1.0,1.0
390,X,12098000,12107000,12196000,12204000,1,"['[12100808, 12101230]', '[12196531, 12196702]']",0.041032001343521,0.0,0.0,0.0
391,X,12101000,12109000,12385000,12392000,0,False,0.0,0.0,0.0,0.0
392,X,12197000,12206000,12386000,12393000,0,False,0.0,0.0,0.0,0.0
393,X,12202200,12209300,12250200,12261300,1,"['[12206414, 12206758]', '[12259594, 12260394]']",0.259043812881395,0.0,0.0,0.0
394,X,12711000,12723000,12738000,12749000,1,"['[12716016, 12716339]', '[12742628, 12742862]']",0.109101964085715,0.0,1.0,1.0
395,X,13358367,13359302,19348381,19349362,0,False,0.0,0.0,1.0,1.0
396,X,13985000,13997000,14078000,14089000,0,False,0.0,0.0,0.0,0.0
397,X,14649000,14662000,14744000,14756000,1,"['[14649644, 14650232]', '[14744052, 14744399]']",0.543926475731269,1.0,1.0,1.0
398,X,15171000,15181000,15284000,15296000,0,False,0.0,0.0,1.0,0.0
399,X,15352000,15364000,15374000,15383000,1,"['[15356162, 15356631]', '[15379169, 15379399]']",0.238295384769456,0.0,0.0,0.0
400,X,15591000,15601000,15650000,15657000,1,"['[15599944, 15600098]', '[15656639, 15656852]']",-0.0002843756751039,0.0,1.0,0.0
401,X,16145000,16154000,16212000,16222000,1,"['[16150292, 16150926]', '[16221179, 16221474]']",0.143696284855756,1.0,1.0,1.0
402,X,17304000,17311000,17418000,17424000,0,False,0.0,0.0,0.0,0.0
403,X,17310000,17319000,17344000,17351000,1,"['[17314255, 17314517]', '[17345969, 17346299]']",0.180968920176252,0.0,0.0,1.0
404,X,17312000,17319000,17394000,17400000,1,"['[17314255, 17314517]', '[17397175, 17397490]']",0.18694711431362,1.0,1.0,1.0
405,X,17343000,17351000,17394000,17400000,1,"['[17345969, 17346299]', '[17397175, 17397490]']",0.161404738269279,0.0,1.0,1.0
406,X,17749000,17759000,17816000,17823000,1,"['[17750125, 17750555]', '[17821129, 17821510]']",0.655268446631286,1.0,1.0,0.0
407,X,17765000,17773000,17787000,17794000,1,"['[17768099, 17768532]', '[17789498, 17789889]']",0.146199060645693,1.0,1.0,1.0
408,X,18016700,18022700,18059400,18065600,1,"['[18018288, 18018447]', '[18063198, 18063743]']",0.0,0.0,0.0,0.0
409,X,18238899,18247800,18309300,18315800,0,False,0.0,0.0,1.0,1.0
410,X,18663600,18665900,18691000,18694300,1,"['[18665915, 18666593]', '[18693111, 18693425]']",0.008259416367159,0.0,0.0,0.0
411,X,18726200,18731000,18769900,18774000,1,"['[18726432, 18726585]', '[18772603, 18772754]']",-0.0009107974869934,0.0,0.0,0.0
412,X,18926000,18934000,19026000,19033000,0,False,0.0,0.0,0.0,0.0
413,X,20255000,20265000,20385000,20393000,0,False,0.0,0.0,0.0,0.0
414,X,20637000,20647700,20684600,20693400,1,"['[20644261, 20645170]', '[20687391, 20687805]']",0.304897580510769,1.0,0.0,0.0
415,X,20922000,20936000,21005000,21018000,0,False,0.0,0.0,0.0,0.0
416,X,22649000,22658000,22915000,22922000,0,False,0.0,0.0,0.0,0.0
