loop_id	anchor	anchor_chr	anchor_start	anchor_end	anchor_midpoint	anchor_TSS_proximal	anchor_type	anchor_distance_to_TSS	anchor_nearest_gene_id	anchor_nearest_gene_symbol	loop_anchor_distance
L1	1	2L	395670	395790	395730	0	I	6263	FBgn0031251	CG4213	16865113
L1	2	2L	17260794	17260893	17260843	1	P	60	FBgn0032629	beat-IIIc	16865113
L2	1	2L	395670	395790	395730	0	I	6263	FBgn0031251	CG4213	16932336
L2	2	2L	17328015	17328118	17328066	0	I	7303	FBgn0267255	CG45691	16932336
L4	1	2L	918896	918995	918945	0	I	3797	FBgn0028481	CG4341	1676593
L4	2	2L	2595491	2595585	2595538	0	I	3363	FBgn0250835	CG15394	1676593
L5	1	2L	921771	922766	922268	1	P	26	FBgn0028481	CG4341	1689948
L5	2	2L	2612166	2612266	2612216	0	I	2172	FBgn0031440	CG15395	1689948
L6	1	2L	921771	922766	922268	1	P	26	FBgn0028481	CG4341	1755412
L6	2	2L	2677575	2677786	2677680	1	P	0	FBgn0051690	CG31690	1755412
L69	1	2L	1080470	1085470	1082970	1	P	0	FBgn0031298	Atg4a	19345
L69	2	2L	1099460	1105170	1102315	1	P	0	FBgn0031299	CG4629	19345
L70	1	2L	1252000	1261000	1256500	1	P	0	FBgn0041097	robo3	90000
L70	2	2L	1341000	1352000	1346500	1	P	0	FBgn0026141,FBgn0053923,FBgn0053922	Cdlc2,CG33923,CG33922	90000
L71	1	2L	1416000	1428000	1422000	1	P	0	FBgn0002543	robo2	39500
L71	2	2L	1456000	1467000	1461500	0	I	13274	FBgn0263321	CG43402	39500
L72	1	2L	1615210	1620490	1617850	0	I	1050	FBgn0021906	RFeSP	32535
L72	2	2L	1647980	1652790	1650385	1	P	0	FBgn0086758	chinmo	32535
L73	1	2L	1953230	1956920	1955075	1	P	0	FBgn0031375	erm	15330
L73	2	2L	1969270	1971540	1970405	1	P	0	FBgn0031375	erm	15330
L8	1	2L	2006512	2006610	2006561	1	P	199	FBgn0053543	CG33543	2786645
L8	2	2L	4791907	4794506	4793206	1	P	0	FBgn0031627	fipi	2786645
L9	1	2L	2109979	2110059	2110019	1	P	101	FBgn0053516	dpr3	8854436
L9	2	2L	10964198	10964712	10964455	1	P	45	FBgn0261871	dpr2	8854436
L74	1	2L	2277990	2281450	2279720	0	I	3712	FBgn0031409	CG4271	30545
L74	2	2L	2308580	2311950	2310265	1	P	0	FBgn0031414	eys	30545
L75	1	2L	2577500	2588600	2583050	1	P	0	FBgn0031435,FBgn0031437,FBgn0031436,FBgn0026479	Elba2,Arpc5,ND-B17.2,Drp1	162150
L75	2	2L	2739400	2751000	2745200	1	P	0	FBgn0031450,FBgn0031452,FBgn0031451,FBgn0250906	Hrs,Cwc25,CG9961,Pgk	162150
L7	1	2L	2612166	2612266	2612216	0	I	2172	FBgn0031440	CG15395	65464
L7	2	2L	2677575	2677786	2677680	1	P	0	FBgn0051690	CG31690	65464
L76	1	2L	3534000	3545000	3539500	1	P	0	FBgn0024244	drm	69000
L76	2	2L	3602000	3615000	3608500	1	P	0	FBgn0002985	odd	69000
L77	1	2L	3660490	3665280	3662885	1	P	0	FBgn0085369	Drgx	19260
L77	2	2L	3679940	3684350	3682145	0	I	8236	FBgn0031558	CG16704	19260
L78	1	2L	3726000	3735000	3730500	1	P	0	FBgn0031568	CG10019	25000
L78	2	2L	3751000	3760000	3755500	1	P	0	FBgn0263846	CG43707	25000
L79	1	2L	3989770	3994020	3991895	1	P	0	FBgn0051774	fred	40585
L79	2	2L	4029960	4035000	4032480	1	P	0	FBgn0000547	ed	40585
L80	1	2L	4030920	4037440	4034180	1	P	0	FBgn0000547	ed	90675
L80	2	2L	4122500	4127210	4124855	0	I	798	FBgn0014033	Sr-CI	90675
L81	1	2L	5270130	5277760	5273945	1	P	0	FBgn0003716,FBgn0000228	tkv,Bsg25D	44925
L81	2	2L	5315580	5322160	5318870	0	I	685	FBgn0031697	CG14024	44925
L82	1	2L	5401000	5408000	5404500	1	P	0	FBgn0016660	H15	57000
L82	2	2L	5457000	5466000	5461500	1	P	0	FBgn0261963	mid	57000
L83	1	2L	5402970	5407020	5404995	1	P	0	FBgn0016660	H15	112130
L83	2	2L	5515020	5519230	5517125	1	P	0	FBgn0031707	CG14020	112130
L84	1	2L	5401000	5409000	5405000	1	P	0	FBgn0016660	H15	15000
L84	2	2L	5416000	5424000	5420000	0	I	11367	FBgn0016660	H15	15000
L85	1	2L	5419000	5422800	5420900	0	I	14367	FBgn0016660	H15	95050
L85	2	2L	5513800	5518100	5515950	1	P	0	FBgn0031707	CG14020	95050
L86	1	2L	5418000	5427000	5422500	0	I	13367	FBgn0016660	H15	39500
L86	2	2L	5458000	5466000	5462000	1	P	0	FBgn0261963	mid	39500
L87	1	2L	5461700	5466600	5464150	1	P	61	FBgn0261963	mid	49950
L87	2	2L	5511900	5516300	5514100	0	I	1436	FBgn0031707	CG14020	49950
L88	1	2L	6073540	6078610	6076075	0	I	1327	FBgn0266449	Kr-h2	14390
L88	2	2L	6087420	6093510	6090465	1	P	0	FBgn0266450,FBgn0266445	Kr-h1,CG45075	14390
L89	1	2L	6173000	6182000	6177500	1	P	0	FBgn0085409	smal	73500
L89	2	2L	6246000	6256000	6251000	1	P	0	FBgn0053531,FBgn0031791	Ddr,AANATL2	73500
L10	1	2L	6356962	6357076	6357019	0	I	1241	FBgn0031804	CG9500	3107648
L10	2	2L	9464540	9464794	9464667	0	I	14710	FBgn0002973	numb	3107648
L90	1	2L	6364000	6400300	6382150	1	P	0	FBgn0031805,FBgn0043854,FBgn0031808,FBgn0259716,FBgn0259715	Nepl4,slam,Nepl5,Nepl6,CG42369	7297850
L90	2	2L	13664000	13696000	13680000	1	P	0	FBgn0028527	CG18507	7297850
L11	1	2L	6411271	6411420	6411345	1	P	0	FBgn0259714	DIP-epsilon	2671799
L11	2	2L	9083037	9083252	9083144	0	I	854	FBgn0032095	Toll-4	2671799
L12	1	2L	6411271	6411420	6411345	1	P	0	FBgn0259714	DIP-epsilon	3075065
L12	2	2L	9486317	9486504	9486410	0	I	8291	FBgn0004868	Gdi	3075065
L91	1	2L	6531600	6554800	6543200	1	P	0	FBgn0000320	eya	286550
L91	2	2L	6819600	6839900	6829750	1	P	0	FBgn0051632	sens-2	286550
L92	1	2L	7130000	7140000	7135000	1	P	0	FBgn0085407	Pvf3	23500
L92	2	2L	7154000	7163000	7158500	1	P	0	FBgn0085407	Pvf3	23500
L93	1	2L	7540340	7547170	7543755	1	P	0	FBgn0264895	RapGAP1	94440
L93	2	2L	7635480	7640910	7638195	0	I	18656	FBgn0264087	Slob	94440
L94	1	2L	7541330	7548900	7545115	1	P	0	FBgn0264895	RapGAP1	46585
L94	2	2L	7588820	7594580	7591700	0	I	6896	FBgn0083141	Spn28B	46585
L95	1	2L	8480050	8491320	8485685	1	P	0	FBgn0264340,FBgn0032047,FBgn0263314	CG43796,CG13088,CG43400	198240
L95	2	2L	8678670	8689180	8683925	1	P	0	FBgn0260861,FBgn0032057,FBgn0032058,FBgn0032059	Trs23,CG9287,CG9289,PrBP	198240
L96	1	2L	9017000	9025000	9021000	0	I	431	FBgn0032090	CG9582	52000
L96	2	2L	9069000	9077000	9073000	1	P	0	FBgn0051708	DIP-zeta	52000
L97	1	2L	9054300	9105900	9080100	1	P	0	FBgn0032094,FBgn0032095,FBgn0051609,FBgn0051708	CG12439,Toll-4,CG31609,DIP-zeta	4634400
L97	2	2L	13692000	13737000	13714500	1	P	0	FBgn0028848,FBgn0051813,FBgn0051814,FBgn0028847	Gpo3,nur,DIP-kappa,CG9014	4634400
L13	1	2L	9083037	9083252	9083144	0	I	854	FBgn0032095	Toll-4	403266
L13	2	2L	9486317	9486504	9486410	0	I	8291	FBgn0004868	Gdi	403266
L98	1	2L	9172000	9180000	9176000	1	P	0	FBgn0041092	tai	29500
L98	2	2L	9201000	9210000	9205500	0	I	24642	FBgn0041092	tai	29500
L99	1	2L	9253000	9261000	9257000	1	P	0	FBgn0267252,FBgn0032105,FBgn0040097	Ggamma30A,borr,lectin-30A	68500
L99	2	2L	9320000	9331000	9325500	1	P	0	FBgn0032109,FBgn0010314	CG17005,Cks30A	68500
L100	1	2L	9268000	9274000	9271000	1	P	0	FBgn0267252	Ggamma30A	51000
L100	2	2L	9318000	9326000	9322000	0	I	1743	FBgn0032109	CG17005	51000
L101	1	2L	9358710	9362380	9360545	0	I	5259	FBgn0085210	CG34181	54930
L101	2	2L	9413720	9417230	9415475	1	P	0	FBgn0032116,FBgn0085395	Mco1,Shawl	54930
L102	1	2L	9467200	9492300	9479750	0	I	2495	FBgn0004868	Gdi	4178250
L102	2	2L	13644000	13672000	13658000	1	P	0	FBgn0028527	CG18507	4178250
L103	1	2L	9575800	9585640	9580720	1	P	0	FBgn0028479,FBgn0051709,FBgn0014179	Mtpalpha,CG31709,gcm	29320
L103	2	2L	9606460	9613620	9610040	1	P	0	FBgn0019809,FBgn0040070	gcm2,Trx-2	29320
L104	1	2L	9658100	9666300	9662200	0	I	1500	FBgn0053299	CG33299	35800
L104	2	2L	9695900	9700100	9698000	1	P	0	FBgn0286786,FBgn0000273	hoip,Pka-C1	35800
L105	1	2L	10052000	10060000	10056000	1	P	0	FBgn0053302,FBgn0287720	Cpr31A,Pen	125500
L105	2	2L	10176000	10187000	10181500	1	P	0	FBgn0265002	CG44153	125500
L106	1	2L	11281500	11292700	11287100	1	P	0	FBgn0020270,FBgn0283678	mre11,Osi21	205950
L106	2	2L	11486300	11499800	11493050	1	P	0	FBgn0287204	Cog8	205950
L107	1	2L	11285000	11293000	11289000	1	P	0	FBgn0283678	Osi21	157500
L107	2	2L	11443000	11450000	11446500	1	P	0	FBgn0261648	salm	157500
L108	1	2L	11282000	11303000	11292500	1	P	0	FBgn0020270,FBgn0283678	mre11,Osi21	63000
L108	2	2L	11346000	11365000	11355500	1	P	0	FBgn0000287	salr	63000
L109	1	2L	11352000	11361000	11356500	1	P	0	FBgn0000287	salr	134000
L109	2	2L	11487000	11494000	11490500	0	I	818	FBgn0003313	sala	134000
L110	1	2L	11349000	11369000	11359000	1	P	0	FBgn0000287	salr	88500
L110	2	2L	11436000	11459000	11447500	1	P	0	FBgn0261648	salm	88500
L111	1	2L	11443000	11452000	11447500	1	P	0	FBgn0261648	salm	44500
L111	2	2L	11489000	11495000	11492000	0	I	2818	FBgn0003313	sala	44500
L112	1	2L	11573000	11591000	11582000	1	P	0	FBgn0015400,FBgn0028412	kek2,Mst33A	183000
L112	2	2L	11757000	11773000	11765000	0	I	2498	FBgn0259962	Sfp33A1	183000
L113	1	2L	11875000	11883000	11879000	1	P	0	FBgn0264815	Pde1c	24000
L113	2	2L	11898000	11908000	11903000	0	I	1222	FBgn0264815	Pde1c	24000
L114	1	2L	12002400	12006000	12004200	1	P	134	FBgn0032394	Hacd1	6350
L114	2	2L	12009700	12011400	12010550	0	I	1322	FBgn0014019	Rh5	6350
L115	1	2L	12583700	12589200	12586450	1	P	0	FBgn0085424	nub	69900
L115	2	2L	12653600	12659100	12656350	1	P	0	FBgn0004394	pdm2	69900
L116	1	2L	12585000	12589000	12587000	1	P	0	FBgn0085424	nub	30600
L116	2	2L	12615600	12619600	12617600	1	P	0	FBgn0085424	nub	30600
L117	1	2L	12615000	12617500	12616250	0	I	844	FBgn0085424	nub	40000
L117	2	2L	12655000	12657500	12656250	1	P	0	FBgn0004394	pdm2	40000
L118	1	2L	12614800	12623000	12618900	1	P	0	FBgn0085424	nub	59700
L118	2	2L	12674500	12682700	12678600	1	P	0	FBgn0004394	pdm2	59700
L119	1	2L	12655000	12661000	12658000	1	P	0	FBgn0004394	pdm2	20500
L119	2	2L	12676000	12681000	12678500	1	P	0	FBgn0004394	pdm2	20500
L120	1	2L	12819000	12828000	12823500	1	P	0	FBgn0015399	kek1	31000
L120	2	2L	12850000	12859000	12854500	0	I	27213	FBgn0015399	kek1	31000
L121	1	2L	13033000	13039000	13036000	0	I	11688	FBgn0028965	A16	24500
L121	2	2L	13057000	13064000	13060500	1	P	0	FBgn0262160	CG9932	24500
L122	1	2L	13033000	13040000	13036500	0	I	11688	FBgn0028965	A16	79000
L122	2	2L	13112000	13119000	13115500	1	P	133	FBgn0265087	CG44198	79000
L123	1	2L	13057000	13063000	13060000	1	P	0	FBgn0262160	CG9932	54500
L123	2	2L	13111000	13118000	13114500	0	I	1133	FBgn0265087	CG44198	54500
L124	1	2L	13335000	13345000	13340000	0	I	2772	FBgn0032505	CG16826	22500
L124	2	2L	13358000	13367000	13362500	1	P	0	FBgn0032509,FBgn0032507,FBgn0022069	CG6523,CG9377,Nnp-1	22500
L14	1	2L	13341246	13341345	13341295	0	I	6427	FBgn0032505	CG16826	6264796
L14	2	2L	19605730	19606453	19606091	1	P	115	FBgn0000464,FBgn0267964	Lar,CG46244	6264796
L15	1	2L	13341246	13341345	13341295	0	I	6427	FBgn0032505	CG16826	6901550
L15	2	2L	20242787	20242903	20242845	0	I	14048	FBgn0259998	CG17571	6901550
L16	1	2L	13349488	13349601	13349544	0	I	1715	FBgn0032505	CG16826	6241112
L16	2	2L	19590435	19590878	19590656	0	I	3209	FBgn0000464	Lar	6241112
L17	1	2L	13349488	13349601	13349544	0	I	1715	FBgn0032505	CG16826	6880477
L17	2	2L	20229934	20230109	20230021	0	I	26842	FBgn0259998	CG17571	6880477
L18	1	2L	13363107	13363206	13363156	0	I	1542	FBgn0032507	CG9377	6242935
L18	2	2L	19605730	19606453	19606091	1	P	115	FBgn0000464,FBgn0267964	Lar,CG46244	6242935
L19	1	2L	13363107	13363206	13363156	0	I	1542	FBgn0032507	CG9377	6879689
L19	2	2L	20242787	20242903	20242845	0	I	14048	FBgn0259998	CG17571	6879689
L125	1	2L	13715000	13721000	13718000	1	P	0	FBgn0051814	DIP-kappa	50000
L125	2	2L	13764000	13772000	13768000	1	P	0	FBgn0028541	TM9SF4	50000
L126	1	2L	14407000	14415000	14411000	1	P	0	FBgn0004858	elB	79500
L126	2	2L	14486000	14495000	14490500	1	P	0	FBgn0005771	noc	79500
L127	1	2L	14793000	14804000	14798500	1	P	0	FBgn0250834,FBgn0028866	CG33308,CG18420	173500
L127	2	2L	14966000	14978000	14972000	1	P	0	FBgn0259213	side-II	173500
L128	1	2L	15327000	15338000	15332500	1	P	0	FBgn0287768	esg	93000
L128	2	2L	15420000	15431000	15425500	1	P	0	FBgn0001983	wor	93000
L129	1	2L	15803000	15810000	15806500	0	I	2140	FBgn0262150	CG42876	157500
L129	2	2L	15960000	15968000	15964000	1	P	0	FBgn0028645	beat-Ib	157500
L130	1	2L	15804000	15811000	15807500	0	I	1140	FBgn0262150	CG42876	194000
L130	2	2L	15998000	16005000	16001500	1	P	0	FBgn0028644,FBgn0045827,FBgn0264364,FBgn0085196	beat-Ic,CG13245,CG43816,CG34167	194000
L131	1	2L	15959000	15968000	15963500	1	P	0	FBgn0028645	beat-Ib	37000
L131	2	2L	15995000	16006000	16000500	1	P	0	FBgn0028644,FBgn0045827,FBgn0264364,FBgn0085196	beat-Ic,CG13245,CG43816,CG34167	37000
L132	1	2L	16046000	16054000	16050000	1	P	0	FBgn0013433	beat-Ia	150000
L132	2	2L	16195000	16205000	16200000	0	I	6458	FBgn0028893	CG31819	150000
L133	1	2L	16419000	16426000	16422500	0	I	13043	FBgn0028523	CG5888	65000
L133	2	2L	16483000	16492000	16487500	1	P	0	FBgn0032585,FBgn0032586,FBgn0005677	Nepl8,Tpr2,dac	65000
L134	1	2L	16542500	16553800	16548150	1	P	0	FBgn0051816,FBgn0259735,FBgn0032588	CG31816,mtgo,CG5968	52550
L134	2	2L	16597600	16603800	16600700	1	P	0	FBgn0259735	mtgo	52550
L135	1	2L	16967000	16975000	16971000	1	P	0	FBgn0053179	beat-IIIb	159500
L135	2	2L	17126000	17135000	17130500	1	P	0	FBgn0265607,FBgn0083942	beat-IIIa,CG34106	159500
L136	1	2L	16969600	16976400	16973000	1	P	0	FBgn0053179	beat-IIIb	130550
L136	2	2L	17099600	17107500	17103550	0	I	11959	FBgn0032626	CG12620	130550
L137	1	2L	17099600	17105300	17102450	0	I	11959	FBgn0032626	CG12620	28350
L137	2	2L	17128700	17132900	17130800	1	P	0	FBgn0265607,FBgn0083942	beat-IIIa,CG34106	28350
L3	1	2L	17260794	17260893	17260843	1	P	60	FBgn0032629	beat-IIIc	67223
L3	2	2L	17328015	17328118	17328066	0	I	7303	FBgn0267255	CG45691	67223
L138	1	2L	17538000	17545000	17541500	0	I	5766	FBgn0032649	CG15145	19000
L138	2	2L	17559000	17562000	17560500	0	I	3235	FBgn0032650	CG7094	19000
L139	1	2L	17558000	17566900	17562450	0	I	2235	FBgn0032650	CG7094	25100
L139	2	2L	17584100	17591000	17587550	1	P	0	FBgn0032651	Oli	25100
L140	1	2L	17616000	17625000	17620500	0	I	1380	FBgn0032654	CG15147	224000
L140	2	2L	17839000	17850000	17844500	1	P	0	FBgn0262018	CadN2	224000
L141	1	2L	17681900	17693900	17687900	0	I	10780	FBgn0262876	CG43231	173750
L141	2	2L	17858800	17864500	17861650	0	I	10746	FBgn0262018	CadN2	173750
L142	1	2L	17698000	17707000	17702500	1	P	0	FBgn0262876	CG43231	200000
L142	2	2L	17897000	17908000	17902500	0	I	6812	FBgn0262960	CG43271	200000
L143	1	2L	17699000	17709000	17704000	1	P	0	FBgn0262876	CG43231	239500
L143	2	2L	17938000	17949000	17943500	0	I	14378	FBgn0032656	CG5674	239500
L144	1	2L	17733900	17737200	17735550	0	I	15145	FBgn0015609	CadN	17050
L144	2	2L	17750800	17754400	17752600	1	P	0	FBgn0015609	CadN	17050
L145	1	2L	17897000	17913000	17905000	0	I	1812	FBgn0262960	CG43271	39000
L145	2	2L	17936000	17952000	17944000	0	I	11378	FBgn0032656	CG5674	39000
L146	1	2L	18274000	18280000	18277000	1	P	0	FBgn0261804	CG42750	120500
L146	2	2L	18393000	18402000	18397500	0	I	14409	FBgn0085200	CG34171	120500
L147	1	2L	18310000	18329000	18319500	1	P	0	FBgn0000636	Fas3	43000
L147	2	2L	18353000	18372000	18362500	1	P	0	FBgn0011559	Acp36DE	43000
L148	1	2L	18879000	18887200	18883100	1	P	0	FBgn0003896	tup	51300
L148	2	2L	18930500	18938300	18934400	0	I	5659	FBgn0032723	ssp3	51300
L149	1	2L	19081500	19088500	19085000	1	P	0	FBgn0002023	Lim3	21700
L149	2	2L	19103700	19109700	19106700	1	P	0	FBgn0002023	Lim3	21700
L150	1	2L	19186000	19196000	19191000	1	P	0	FBgn0010309,FBgn0015380	pigeon,drl	173000
L150	2	2L	19358000	19370000	19364000	1	P	0	FBgn0032770,FBgn0024245	CG13086,dnt	173000
L20	1	2L	19590435	19590878	19590656	0	I	3209	FBgn0000464	Lar	639365
L20	2	2L	20229934	20230109	20230021	0	I	26842	FBgn0259998	CG17571	639365
L21	1	2L	19605730	19606453	19606091	1	P	115	FBgn0000464,FBgn0267964	Lar,CG46244	636754
L21	2	2L	20242787	20242903	20242845	0	I	14048	FBgn0259998	CG17571	636754
L151	1	2L	19814800	19821600	19818200	0	I	268	FBgn0032824	CG13962	69150
L151	2	2L	19884500	19890200	19887350	0	I	2349	FBgn0032827	CG10481	69150
L22	1	2L	20121011	20121291	20121151	0	I	13631	FBgn0032853	CG10651	1562567
L22	2	2L	21683418	21684019	21683718	1	P	86	FBgn0051619	nolo	1562567
L152	1	2L	21825000	21832000	21828500	1	P	0	FBgn0003866	tsh	70500
L152	2	2L	21895000	21903000	21899000	1	P	0	FBgn0032966,FBgn0032965	CG1421,CG11629	70500
L153	1	2L	21826000	21832000	21829000	1	P	0	FBgn0003866	tsh	192000
L153	2	2L	22017000	22025000	22021000	1	P	0	FBgn0028979	tio	192000
L154	1	2L	21896000	21904000	21900000	1	P	0	FBgn0032966,FBgn0032965	CG1421,CG11629	125000
L154	2	2L	22021000	22029000	22025000	0	I	1678	FBgn0028979	tio	125000
L155	1	2R	5698100	5708740	5703420	1	P	0	FBgn0287767,FBgn0259978	Cndp2,vlc	274380
L155	2	2R	5973400	5982200	5977800	1	P	0	FBgn0264959,FBgn0263855,FBgn0002774	Src42A,BubR1,mle	274380
L156	1	2R	5752500	5772500	5762500	1	P	0	FBgn0022288,FBgn0085229,FBgn0266580,FBgn0033038	l(2)09851,CG34200,Gp210,CG7791	215000
L156	2	2R	5967500	5987500	5977500	1	P	0	FBgn0264959,FBgn0263855,FBgn0002774	Src42A,BubR1,mle	215000
L157	1	2R	6571000	6581000	6576000	0	I	19977	FBgn0033076	CG15233	36000
L157	2	2R	6608000	6616000	6612000	1	P	0	FBgn0086655	jing	36000
L158	1	2R	7348000	7359000	7353500	0	I	22868	FBgn0033159	Dscam1	28500
L158	2	2R	7377000	7387000	7382000	1	P	0	FBgn0033159	Dscam1	28500
L159	1	2R	8013000	8018000	8015500	1	P	0	FBgn0033250	CG14762	36500
L159	2	2R	8050000	8054000	8052000	0	I	4550	FBgn0033252	CG12769	36500
L160	1	2R	8269740	8272970	8271355	0	I	406	FBgn0050371	CG30371	16895
L160	2	2R	8286190	8290310	8288250	0	I	16856	FBgn0050371	CG30371	16895
L161	1	2R	8270300	8273750	8272025	0	I	966	FBgn0050371	CG30371	53495
L161	2	2R	8323740	8327300	8325520	1	P	189	FBgn0261588	pdm3	53495
L162	1	2R	8286210	8291130	8288670	0	I	16876	FBgn0050371	CG30371	37225
L162	2	2R	8324240	8327550	8325895	1	P	0	FBgn0261588	pdm3	37225
L163	1	2R	8404350	8409980	8407165	0	I	1249	FBgn0033289	CG2121	123500
L163	2	2R	8527780	8533550	8530665	1	P	0	FBgn0050361	mtt	123500
L164	1	2R	8403750	8412240	8407995	1	P	0	FBgn0033289	CG2121	151350
L164	2	2R	8555290	8563400	8559345	0	I	2577	FBgn0033302	Cyp6a14	151350
L165	1	2R	8412000	8423000	8417500	1	P	0	FBgn0028836,FBgn0262988	CSN7,CG43296	100500
L165	2	2R	8512000	8524000	8518000	0	I	8293	FBgn0050361	mtt	100500
L166	1	2R	8529190	8535490	8532340	1	P	0	FBgn0050361	mtt	24385
L166	2	2R	8554200	8559250	8556725	0	I	1910	FBgn0033301	CG12780	24385
L23	1	2R	8686543	8686776	8686659	0	I	4671	FBgn0001285	Jon44E	13372402
L23	2	2R	22059021	22059101	22059061	0	I	1340	FBgn0034683	CG13500	13372402
L24	1	2R	8715833	8715925	8715879	0	I	1024	FBgn0043575	PGRP-SC2	13262248
L24	2	2R	21977998	21978257	21978127	0	I	1336	FBgn0041237	Gr58c	13262248
L25	1	2R	8797637	8798296	8797966	1	P	192	FBgn0024189	sns	6213106
L25	2	2R	15010785	15011360	15011072	1	P	35	FBgn0029082	hbs	6213106
L26	1	2R	8797637	8798296	8797966	1	P	192	FBgn0024189	sns	6311639
L26	2	2R	15109555	15109656	15109605	0	I	5579	FBgn0015371	chn	6311639
L167	1	2R	10911000	10925000	10918000	0	I	1077	FBgn0033573	Obp47a	194500
L167	2	2R	11100000	11125000	11112500	1	P	0	FBgn0040765,FBgn0050489	luna,Cyp12d1-p	194500
L168	1	2R	11453800	11462200	11458000	0	I	1031	FBgn0000581	E(Pc)	128700
L168	2	2R	11584200	11589200	11586700	0	I	1565	FBgn0033636	tou	128700
L169	1	2R	11470000	11483000	11476500	1	P	0	FBgn0001269	inv	52500
L169	2	2R	11522000	11536000	11529000	1	P	0	FBgn0000577	en	52500
L170	1	2R	11471000	11484000	11477500	1	P	0	FBgn0001269	inv	88000
L170	2	2R	11560000	11571000	11565500	0	I	11634	FBgn0033636	tou	88000
L171	1	2R	11525000	11536000	11530500	1	P	0	FBgn0000577	en	33000
L171	2	2R	11559000	11568000	11563500	0	I	14634	FBgn0033636	tou	33000
L172	1	2R	11591900	11596200	11594050	1	P	0	FBgn0033636	tou	21050
L172	2	2R	11613300	11616900	11615100	1	P	0	FBgn0033636	tou	21050
L173	1	2R	11704000	11717000	11710500	1	P	0	FBgn0033649	pyr	46000
L173	2	2R	11751000	11762000	11756500	1	P	0	FBgn0033652	ths	46000
L174	1	2R	11706000	11717000	11711500	1	P	0	FBgn0033649	pyr	76500
L174	2	2R	11781000	11795000	11788000	1	P	0	FBgn0033652,FBgn0033651	ths,Ir48c	76500
L175	1	2R	11750000	11766000	11758000	1	P	0	FBgn0033652	ths	33000
L175	2	2R	11787000	11795000	11791000	1	P	0	FBgn0033652,FBgn0033651	ths,Ir48c	33000
L176	1	2R	12882000	12887000	12884500	1	P	0	FBgn0003975	vg	19500
L176	2	2R	12902000	12906000	12904000	0	I	9993	FBgn0010488	NAT1	19500
L177	1	2R	12953200	12960700	12956950	1	P	0	FBgn0033787	CG13321	81900
L177	2	2R	13035200	13042500	13038850	0	I	4755	FBgn0033788	CG13323	81900
L178	1	2R	12956300	12959400	12957850	0	I	2747	FBgn0033787	CG13321	23900
L178	2	2R	12979200	12984300	12981750	1	P	0	FBgn0005624	Psc	23900
L179	1	2R	12977900	12981900	12979900	1	P	0	FBgn0005624	Psc	59100
L179	2	2R	13036200	13041800	13039000	0	I	5455	FBgn0033788	CG13323	59100
L180	1	2R	12993700	12997700	12995700	1	P	0	FBgn0053798,FBgn0265623	CG33798,Su(z)2	43300
L180	2	2R	13035700	13042300	13039000	0	I	4955	FBgn0033788	CG13323	43300
L181	1	2R	13342600	13346900	13344750	0	I	7598	FBgn0033828	CG17048	16800
L181	2	2R	13359300	13363800	13361550	0	I	4801	FBgn0033828	CG17048	16800
L182	1	2R	13668800	13671800	13670300	0	I	1064	FBgn0033864	CG18368	16600
L182	2	2R	13686200	13687600	13686900	0	I	5768	FBgn0033865	CG6220	16600
L183	1	2R	14004000	14007500	14005750	0	I	1698	FBgn0002643	mam	25100
L183	2	2R	14030100	14031600	14030850	1	P	62	FBgn0002643	mam	25100
L184	1	2R	14796500	14800300	14798400	1	P	0	FBgn0001319	kn	15300
L184	2	2R	14812000	14815400	14813700	0	I	3581	FBgn0033968	hui	15300
L185	1	2R	14935200	14937000	14936100	1	P	0	FBgn0033984	Lap1	9700
L185	2	2R	14945000	14946600	14945800	0	I	2602	FBgn0033985	CG10257	9700
L27	1	2R	15010785	15011360	15011072	1	P	35	FBgn0029082	hbs	98533
L27	2	2R	15109555	15109656	15109605	0	I	5579	FBgn0015371	chn	98533
L186	1	2R	15568100	15575700	15571900	1	P	0	FBgn0050466,FBgn0024754,FBgn0013762,FBgn0034033	CG30466,Flo1,Cdk5,CG8204	274100
L186	2	2R	15842900	15849100	15846000	1	P	0	FBgn0034046,FBgn0034045	tun,CG8249	274100
L187	1	2R	15695000	15698500	15696750	1	P	0	FBgn0053461,FBgn0053462	CG33461,CG33462	125900
L187	2	2R	15817500	15827800	15822650	1	P	0	FBgn0053465	CG33465	125900
L188	1	2R	17141900	17159300	17150600	1	P	0	FBgn0034201,FBgn0034202,FBgn0050458	CG17290,CG17287,CG30458	239950
L188	2	2R	17387900	17393200	17390550	0	I	1392	FBgn0010620	CG10939	239950
L189	1	2R	17211000	17222000	17216500	1	P	0	FBgn0265487	mbl	45500
L189	2	2R	17256000	17268000	17262000	1	P	0	FBgn0265487,FBgn0262568	mbl,CG43108	45500
L190	1	2R	17261000	17271000	17266000	1	P	0	FBgn0265487	mbl	70500
L190	2	2R	17330000	17343000	17336500	0	I	51592	FBgn0010620	CG10939	70500
L191	1	2R	18834000	18857000	18845500	1	P	0	FBgn0034399,FBgn0034402,FBgn0034398,FBgn0034400,FBgn0034401,FBgn0034403,FBgn0010053	CG15083,CG15084,CG15098,CG15099,MetRS,CG18190,Jheh1	288500
L191	2	2R	19125000	19143000	19134000	1	P	0	FBgn0027535,FBgn0034419,FBgn0000578,FBgn0034417,FBgn0034418	botv,CG15111,ena,CG15117,CG15118	288500
L192	1	2R	18960000	18980000	18970000	1	P	0	FBgn0267351,FBgn0034411,FBgn0014269,FBgn0041702	Topors,CG18605,prod,CG15107	161500
L192	2	2R	19124000	19139000	19131500	1	P	0	FBgn0027535,FBgn0034419,FBgn0034417,FBgn0034418	botv,CG15111,CG15117,CG15118	161500
L193	1	2R	19029000	19039000	19034000	1	P	0	FBgn0263083,FBgn0263116,FBgn0034413	CG43351,5-HT1B,CG15115	34000
L193	2	2R	19063000	19073000	19068000	1	P	0	FBgn0004168	5-HT1A	34000
L194	1	2R	19241000	19253000	19247000	1	P	0	FBgn0004003,FBgn0053454	wbl,CG33454	30500
L194	2	2R	19272000	19283000	19277500	1	P	0	FBgn0003254	rib	30500
L195	1	2R	19252000	19257800	19254900	1	P	0	FBgn0053453	CG33453	19050
L195	2	2R	19271200	19276700	19273950	1	P	0	FBgn0003254	rib	19050
L196	1	2R	19689000	19700000	19694500	1	P	0	FBgn0040729,FBgn0034468,FBgn0046880	CG15126,Obp56a,Obp56b	131000
L196	2	2R	19819000	19832000	19825500	1	P	0	FBgn0034476	Toll-7	131000
L197	1	2R	19823400	19832200	19827800	1	P	0	FBgn0034476	Toll-7	108850
L197	2	2R	19933600	19939700	19936650	0	I	5300	FBgn0262824	CG43195	108850
L198	1	2R	20379000	20391000	20385000	0	I	23933	FBgn0034507	CG11192	37500
L198	2	2R	20416000	20429000	20422500	1	P	0	FBgn0086604	side-VIII	37500
L199	1	2R	20693000	20707000	20700000	1	P	0	FBgn0040726	dpr1	110500
L199	2	2R	20804000	20817000	20810500	0	I	11018	FBgn0034551	CG15225	110500
L200	1	2R	20908000	20922000	20915000	1	P	0	FBgn0034560,FBgn0020617	CAH15,Rx	20500
L200	2	2R	20930000	20941000	20935500	0	I	3020	FBgn0000044	Act57B	20500
L201	1	2R	20910000	20924000	20917000	1	P	0	FBgn0020617	Rx	45500
L201	2	2R	20957000	20968000	20962500	1	P	0	FBgn0008636	hbn	45500
L202	1	2R	20932000	20945000	20938500	1	P	0	FBgn0000044	Act57B	23500
L202	2	2R	20957000	20967000	20962000	1	P	0	FBgn0008636	hbn	23500
L203	1	2R	21750000	21760000	21755000	1	P	0	FBgn0034658	Grx1t	116500
L203	2	2R	21866000	21877000	21871500	1	P	0	FBgn0085397,FBgn0034667	Fili,comr	116500
L204	1	2R	21867900	21876100	21872000	1	P	0	FBgn0085397	Fili	97150
L204	2	2R	21966500	21971800	21969150	1	P	0	FBgn0054029	CG34029	97150
L205	1	2R	22214000	22226000	22220000	1	P	0	FBgn0050278,FBgn0050277,FBgn0034715	CG30278,Oatp58Da,Oatp58Db	77000
L205	2	2R	22292000	22302000	22297000	1	P	0	FBgn0034717,FBgn0034718	CG5819,wdp	77000
L206	1	2R	22239000	22249000	22244000	1	P	0	FBgn0020307	dve	25000
L206	2	2R	22264000	22274000	22269000	1	P	0	FBgn0020307	dve	25000
L207	1	2R	22427000	22439000	22433000	1	P	0	FBgn0034730	ppk12	21000
L207	2	2R	22449000	22459000	22454000	1	P	0	FBgn0034731	CG10384	21000
L208	1	2R	22676500	22678900	22677700	0	I	5735	FBgn0034763	RYBP	10450
L208	2	2R	22686700	22689600	22688150	1	P	0	FBgn0020257	Ppa	10450
L209	1	2R	22888100	22892500	22890300	1	P	0	FBgn0034795,FBgn0267823	MED23,Gmer	28750
L209	2	2R	22917600	22920500	22919050	1	P	0	FBgn0050187	CG30187	28750
L210	1	2R	23195000	23215000	23205000	1	P	0	FBgn0085400,FBgn0034834	side-V,LS2	123750
L210	2	2R	23317500	23340000	23328750	1	P	0	FBgn0034844,FBgn0050412,FBgn0050416,FBgn0050417,FBgn0050413	CG9861,CG30412,CG30416,tbrd-3,CG30413	123750
L211	1	2R	24811000	24824000	24817500	1	P	0	FBgn0000157	Dll	35000
L211	2	2R	24847000	24858000	24852500	1	P	0	FBgn0035070	CG3650	35000
L212	1	3L	34000	47000	40500	0	I	7750	FBgn0262679	CG43149	88000
L212	2	3L	122000	135000	128500	1	P	0	FBgn0020386	Pdk1	88000
L213	1	3L	67000	80000	73500	1	P	0	FBgn0035097	CG13405	56500
L213	2	3L	123000	137000	130000	1	P	0	FBgn0020386	Pdk1	56500
L214	1	3L	371000	384000	377500	1	P	0	FBgn0262139	trh	56000
L214	2	3L	427000	440000	433500	1	P	0	FBgn0035139,FBgn0001316	CG13891,klar	56000
L215	1	3L	672000	673000	672500	0	I	7325	FBgn0035151	CG17129	78000
L215	2	3L	750000	751000	750500	0	I	600	FBgn0000575	emc	78000
L216	1	3L	711150	718793	714971	1	P	0	FBgn0035159	CG13896	31438
L216	2	3L	743939	748879	746409	0	I	520	FBgn0000575	emc	31438
L217	1	3L	719993	725972	722982	0	I	8143	FBgn0035159	CG13896	25096
L217	2	3L	745365	750792	748078	1	P	0	FBgn0000575	emc	25096
L218	1	3L	744000	756000	750000	1	P	0	FBgn0000575,FBgn0035160	emc,hng3	60500
L218	2	3L	804000	817000	810500	1	P	0	FBgn0035161	CG13898	60500
L28	1	3L	857301	857896	857598	1	P	53	FBgn0035170	dpr20	1140366
L28	2	3L	1997924	1998004	1997964	0	I	7646	FBgn0262030	CG42841	1140366
L29	1	3L	857301	857896	857598	1	P	53	FBgn0035170	dpr20	1371442
L29	2	3L	2228637	2229443	2229040	0	I	202	FBgn0035317	Oseg2	1371442
L30	1	3L	866555	866635	866595	1	P	55	FBgn0035171	CG12502	1131369
L30	2	3L	1997924	1998004	1997964	0	I	7646	FBgn0262030	CG42841	1131369
L31	1	3L	866555	866635	866595	1	P	55	FBgn0035171	CG12502	1362445
L31	2	3L	2228637	2229443	2229040	0	I	202	FBgn0035317	Oseg2	1362445
L219	1	3L	1097000	1110000	1103500	1	P	0	FBgn0004870	bab1	73500
L219	2	3L	1169000	1185000	1177000	1	P	0	FBgn0025525	bab2	73500
L220	1	3L	1360000	1376000	1368000	1	P	0	FBgn0003295	ru	96000
L220	2	3L	1457000	1471000	1464000	1	P	0	FBgn0004635	rho	96000
L32	1	3L	1997924	1998004	1997964	0	I	7646	FBgn0262030	CG42841	231076
L32	2	3L	2228637	2229443	2229040	0	I	202	FBgn0035317	Oseg2	231076
L221	1	3L	2276000	2290000	2283000	1	P	0	FBgn0035328,FBgn0264002	yellow-g2,MsR2	41000
L221	2	3L	2316000	2332000	2324000	1	P	0	FBgn0035331	MsR1	41000
L222	1	3L	3844000	3850000	3847000	1	P	0	FBgn0013751	Awh	31000
L222	2	3L	3874000	3882000	3878000	0	I	10573	FBgn0026592	Fie	31000
L33	1	3L	4800832	4800919	4800875	0	I	4354	FBgn0035575	CG7509	2213076
L33	2	3L	7013903	7013999	7013951	1	P	100	FBgn0260660	Mp	2213076
L34	1	3L	4805867	4806024	4805945	0	I	593	FBgn0035575	CG7509	2189673
L34	2	3L	6995566	6995671	6995618	0	I	3171	FBgn0260660	Mp	2189673
L223	1	3L	4972500	4984000	4978250	1	P	0	FBgn0005775,FBgn0035584	Con,CG17030	106500
L223	2	3L	5072500	5097000	5084750	1	P	0	FBgn0005775	Con	106500
L224	1	3L	5265000	5290000	5277500	1	P	0	FBgn0052423	shep	50000
L224	2	3L	5320000	5335000	5327500	0	I	16478	FBgn0016031	lama	50000
L225	1	3L	5418000	5429000	5423500	1	P	0	FBgn0085420	DIP-delta	39000
L225	2	3L	5451000	5474000	5462500	0	I	5789	FBgn0035607	CG4835	39000
L226	1	3L	6100300	6125900	6113100	1	P	0	FBgn0005658	Ets65A	1846250
L226	2	3L	7948400	7970300	7959350	0	I	214	FBgn0041156	exex	1846250
L227	1	3L	6170250	6194450	6182350	1	P	0	FBgn0035689,FBgn0262985,FBgn0035691,FBgn0024921,FBgn0035688,FBgn0035690,FBgn0022699,FBgn0022935,FBgn0035692	CG7376,CG43293,CG7386,Tnpo,fmt,CG10274,D19B,D19A,Sf3b6	557385
L227	2	3L	6729200	6750270	6739735	1	P	0	FBgn0261934,FBgn0035713	dikar,velo	557385
L228	1	3L	6347500	6368000	6357750	1	P	0	FBgn0259969,FBgn0035699	Sfp65A,CG13300	44750
L228	2	3L	6395000	6410000	6402500	1	P	0	FBgn0261801	CG42747	44750
L35	1	3L	6623844	6623950	6623897	1	P	81	FBgn0004619	GluRIA	2627951
L35	2	3L	9251803	9251894	9251848	1	P	83	FBgn0264000	GluRIB	2627951
L36	1	3L	6652992	6653122	6653057	0	I	12518	FBgn0035709	eIF4E4	2677166
L36	2	3L	9330170	9330277	9330223	0	I	4054	FBgn0035975	PGRP-LA	2677166
L229	1	3L	6785000	6801000	6793000	1	P	0	FBgn0086680	vvl	55000
L229	2	3L	6842000	6854000	6848000	0	I	51842	FBgn0086680	vvl	55000
L230	1	3L	6785000	6802000	6793500	1	P	0	FBgn0086680	vvl	110000
L230	2	3L	6898000	6909000	6903500	0	I	4963	FBgn0041194	Prat2	110000
L231	1	3L	6842000	6855000	6848500	0	I	51842	FBgn0086680	vvl	54500
L231	2	3L	6898000	6908000	6903000	0	I	5963	FBgn0041194	Prat2	54500
L232	1	3L	7413000	7432500	7422750	1	P	0	FBgn0259935	CG42458	70000
L232	2	3L	7483000	7502500	7492750	1	P	0	FBgn0035789,FBgn0035790,FBgn0015033,FBgn0035791	mthl6,Cyp316a1,Cyp4d8,CG8539	70000
L37	1	3L	7643683	7643786	7643734	0	I	2035	FBgn0035805	CG7506	9610622
L37	2	3L	17254304	17254408	17254356	0	I	367	FBgn0036704	CG6497	9610622
L38	1	3L	7643683	7643786	7643734	0	I	2035	FBgn0035805	CG7506	9625889
L38	2	3L	17269577	17269669	17269623	0	I	5161	FBgn0036705	CG13723	9625889
L233	1	3L	9014840	9022390	9018615	1	P	0	FBgn0035956	Doc2	21010
L233	2	3L	9038070	9041180	9039625	1	P	194	FBgn0028789	Doc1	21010
L234	1	3L	9752000	9769000	9760500	1	P	0	FBgn0036043,FBgn0259163	Ae2,CG42268	29000
L234	2	3L	9784000	9795000	9789500	1	P	0	FBgn0044328	CG32052	29000
L235	1	3L	9969000	9981000	9975000	1	P	0	FBgn0263251,FBgn0259932,FBgn0040823,FBgn0036063	vnc,CG42455,dpr6,CG6674	112500
L235	2	3L	10081000	10094000	10087500	1	P	0	FBgn0036066,FBgn0052053	CG14160,CG32053	112500
L236	1	3L	10240000	10253000	10246500	1	P	0	FBgn0036078	Or67c	77000
L236	2	3L	10317000	10330000	10323500	0	I	43796	FBgn0036080	Or67d	77000
L237	1	3L	10283000	10297000	10290000	0	I	9796	FBgn0036080	Or67d	17000
L237	2	3L	10301000	10313000	10307000	0	I	27796	FBgn0036080	Or67d	17000
L238	1	3L	10325700	10334100	10329900	0	I	52496	FBgn0036080	Or67d	34000
L238	2	3L	10361300	10366500	10363900	0	I	46317	FBgn0036082	CG12362	34000
L239	1	3L	10359000	10372000	10365500	0	I	40817	FBgn0036082	CG12362	58000
L239	2	3L	10417000	10430000	10423500	0	I	1982	FBgn0036083	Ir67b	58000
L240	1	3L	10732000	10744000	10738000	0	I	27924	FBgn0262890	CG43245	118500
L240	2	3L	10849000	10864000	10856500	1	P	0	FBgn0026160	tna	118500
L241	1	3L	11244000	11256000	11250000	1	P	0	FBgn0041094	scyl	175500
L241	2	3L	11420000	11431000	11425500	1	P	0	FBgn0036157	CG7560	175500
L242	1	3L	11244000	11257000	11250500	1	P	0	FBgn0041094	scyl	236500
L242	2	3L	11480000	11494000	11487000	1	P	0	FBgn0036165	chrb	236500
L243	1	3L	11425000	11438000	11431500	1	P	0	FBgn0036157,FBgn0036158	CG7560,CG6149	53500
L243	2	3L	11479000	11491000	11485000	1	P	0	FBgn0036165	chrb	53500
L244	1	3L	11830000	11846000	11838000	1	P	0	FBgn0000404,FBgn0262366	CycA,CG43064	101500
L244	2	3L	11932000	11947000	11939500	1	P	0	FBgn0036224,FBgn0266100,FBgn0036225	Rpt4R,CG44837,CG5883	101500
L245	1	3L	12289400	12302400	12295900	1	P	0	FBgn0036274	CG4328	30000
L245	2	3L	12321800	12330000	12325900	1	P	0	FBgn0052105	Lmx1a	30000
L246	1	3L	12429000	12442000	12435500	1	P	0	FBgn0036285	toe	34000
L246	2	3L	12464000	12475000	12469500	1	P	0	FBgn0036286,FBgn0000625,FBgn0052102	CG10616,eyg,CG32102	34000
L247	1	3L	12577700	12584300	12581000	1	P	0	FBgn0015904	ara	26900
L247	2	3L	12605200	12610600	12607900	1	P	0	FBgn0015919	caup	26900
L248	1	3L	12578000	12584900	12581450	1	P	0	FBgn0015904	ara	43250
L248	2	3L	12621200	12628200	12624700	0	I	11569	FBgn0015919	caup	43250
L249	1	3L	12606000	12612000	12609000	1	P	0	FBgn0015919	caup	79500
L249	2	3L	12683000	12694000	12688500	1	P	0	FBgn0014343	mirr	79500
L250	1	3L	12650800	12654600	12652700	0	I	39038	FBgn0014343	mirr	75800
L250	2	3L	12723100	12733900	12728500	0	I	710	FBgn0261933	SmD1	75800
L251	1	3L	12648000	12662000	12655000	0	I	31638	FBgn0014343	mirr	36500
L251	2	3L	12683000	12700000	12691500	1	P	0	FBgn0014343	mirr	36500
L252	1	3L	12690800	12699600	12695200	1	P	0	FBgn0014343	mirr	21600
L252	2	3L	12713900	12719700	12716800	0	I	14910	FBgn0261933	SmD1	21600
L39	1	3L	12853587	12853792	12853689	1	P	0	FBgn0036319	Ent3	5889628
L39	2	3L	18742660	18743975	18743317	0	I	512	FBgn0036810	CG6885	5889628
L40	1	3L	12853587	12853792	12853689	1	P	0	FBgn0036319	Ent3	7151203
L40	2	3L	20004565	20005220	20004892	1	P	80	FBgn0261574	kug	7151203
L41	1	3L	12857668	12858024	12857846	0	I	3280	FBgn0052107	CG32107	5885471
L41	2	3L	18742660	18743975	18743317	0	I	512	FBgn0036810	CG6885	5885471
L42	1	3L	12857668	12858024	12857846	0	I	3280	FBgn0052107	CG32107	7147046
L42	2	3L	20004565	20005220	20004892	1	P	80	FBgn0261574	kug	7147046
L43	1	3L	12868113	12868302	12868207	0	I	5193	FBgn0036320	CG10943	5875110
L43	2	3L	18742660	18743975	18743317	0	I	512	FBgn0036810	CG6885	5875110
L44	1	3L	12868113	12868302	12868207	0	I	5193	FBgn0036320	CG10943	7136685
L44	2	3L	20004565	20005220	20004892	1	P	80	FBgn0261574	kug	7136685
L253	1	3L	13108000	13121000	13114500	1	P	0	FBgn0010452	trn	114000
L253	2	3L	13223000	13234000	13228500	1	P	0	FBgn0023095	caps	114000
L254	1	3L	14110200	14120700	14115450	0	I	2082	FBgn0036411	Sox21a	60200
L254	2	3L	14171500	14179800	14175650	1	P	0	FBgn0000411	D	60200
L255	1	3L	14126000	14138000	14132000	1	P	0	FBgn0042630	Sox21b	46500
L255	2	3L	14173000	14184000	14178500	1	P	0	FBgn0000411	D	46500
L256	1	3L	14574000	14587000	14580500	0	I	6560	FBgn0261816	CG42758	20500
L256	2	3L	14594000	14608000	14601000	1	P	0	FBgn0040318	HGTX	20500
L257	1	3L	15019000	15023000	15021000	0	I	491	FBgn0047338	CG32148	21500
L257	2	3L	15040000	15045000	15042500	1	P	0	FBgn0036465,FBgn0025776	Rpn12R,ind	21500
L258	1	3L	15694300	15705600	15699950	1	P	0	FBgn0041160	comm2	27300
L258	2	3L	15723700	15730800	15727250	1	P	0	FBgn0010105	comm	27300
L259	1	3L	17208900	17216000	17212450	0	I	22211	FBgn0260943	Rbp6	25900
L259	2	3L	17235100	17241600	17238350	1	P	0	FBgn0260943	Rbp6	25900
L260	1	3L	17560500	17567000	17563750	0	I	2712	FBgn0025455	CycT	26100
L260	2	3L	17584800	17594900	17589850	0	I	8174	FBgn0000567	Eip74EF	26100
L261	1	3L	17912000	17923000	17917500	1	P	0	FBgn0036772	CG5290	45000
L261	2	3L	17956000	17969000	17962500	1	P	0	FBgn0000568	Eip75B	45000
L262	1	3L	18184400	18190200	18187300	1	P	0	FBgn0003997	hid	45450
L262	2	3L	18230600	18234900	18232750	0	I	17187	FBgn0036783	CheA75a	45450
L263	1	3L	18299100	18309100	18304100	1	P	0	FBgn0036785,FBgn0015946	CG13700,grim	94850
L263	2	3L	18395900	18402000	18398950	1	P	0	FBgn0011706	rpr	94850
L264	1	3L	18301000	18315000	18308000	1	P	0	FBgn0036785,FBgn0015946	CG13700,grim	134000
L264	2	3L	18436000	18448000	18442000	1	P	0	FBgn0036786	skl	134000
L45	1	3L	18742660	18743975	18743317	0	I	512	FBgn0036810	CG6885	1261575
L45	2	3L	20004565	20005220	20004892	1	P	80	FBgn0261574	kug	1261575
L265	1	3L	20616000	20629000	20622500	1	P	0	FBgn0001323	knrl	71000
L265	2	3L	20687000	20700000	20693500	1	P	0	FBgn0001320	kni	71000
L266	1	3L	20882000	20887000	20884500	1	P	0	FBgn0052432	CG32432	18000
L266	2	3L	20901000	20904000	20902500	0	I	1794	FBgn0040637	CG11458	18000
L267	1	3L	21471000	21486000	21478500	1	P	0	FBgn0014143	croc	113000
L267	2	3L	21584000	21599000	21591500	1	P	0	FBgn0261953	TfAP-2	113000
L268	1	3L	21839300	21846900	21843100	1	P	0	FBgn0262737,FBgn0037138,FBgn0037139	mub,P5CDh1,CG14563	35950
L268	2	3L	21876900	21881200	21879050	1	P	0	FBgn0262737	mub	35950
L269	1	3L	21988000	22002000	21995000	0	I	2790	FBgn0000045	Act79B	38500
L269	2	3L	22026000	22041000	22033500	1	P	0	FBgn0004514,FBgn0037147,FBgn0263249	Oct-TyrR,CG7140,CG43392	38500
L270	1	3L	22403000	22418000	22410500	1	P	0	FBgn0004449	Ten-m	163000
L270	2	3L	22566000	22581000	22573500	0	I	15774	FBgn0037170	Trxr-2	163000
L271	1	3R	1437500	1487500	1462500	0	I	870424	FBgn0267431	Myo81F	950000
L271	2	3R	2392500	2432500	2412500	0	I	831081	FBgn0267430	Pzl	950000
L272	1	3R	1435000	1500000	1467500	0	I	867924	FBgn0267431	Myo81F	2702500
L272	2	3R	4140000	4200000	4170000	1	P	0	FBgn0037213,FBgn0037215,FBgn0058198,FBgn0000500	CG12581,beta-Man,CG40198,Dsk	2702500
L273	1	3R	2385000	2445000	2415000	0	I	818581	FBgn0267430	Pzl	1752500
L273	2	3R	4135000	4200000	4167500	1	P	0	FBgn0037213,FBgn0037215,FBgn0058198,FBgn0000500	CG12581,beta-Man,CG40198,Dsk	1752500
L46	1	3R	4052924	4053038	4052981	0	I	24900	FBgn0259821	CG42402	3727295
L46	2	3R	7779850	7780702	7780276	0	I	2743	FBgn0042104	CG18747	3727295
L47	1	3R	4077772	4077871	4077821	1	P	67	FBgn0259821	CG42402	3675918
L47	2	3R	7753694	7753785	7753739	0	I	3615	FBgn0037513	pyd3	3675918
L48	1	3R	4081911	4082022	4081966	0	I	2013	FBgn0259821	CG42402	3698310
L48	2	3R	7779850	7780702	7780276	0	I	2743	FBgn0042104	CG18747	3698310
L274	1	3R	4334660	4360180	4347420	1	P	0	FBgn0040687,FBgn0037235,FBgn0037238,FBgn0037236,FBgn0261434	CG14645,CG1103,CG1090,Skp2,hkb	500865
L274	2	3R	4837350	4859220	4848285	1	P	0	FBgn0003002	opa	500865
L275	1	3R	5019000	5025000	5022000	0	I	7969	FBgn0037292	plh	64500
L275	2	3R	5083000	5090000	5086500	1	P	0	FBgn0010313	corto	64500
L49	1	3R	5150633	5150758	5150695	1	P	149	FBgn0037295	dpr16	6870490
L49	2	3R	12021090	12021281	12021185	0	I	3934	FBgn0037981	Spt3	6870490
L50	1	3R	5150633	5150758	5150695	1	P	149	FBgn0037295	dpr16	6944037
L50	2	3R	12094666	12094798	12094732	1	P	77	FBgn0051361	dpr17	6944037
L276	1	3R	5956000	5964000	5960000	1	P	0	FBgn0083949,FBgn0040679	side-III,CG11373	122000
L276	2	3R	6078000	6086000	6082000	1	P	0	FBgn0037399	Or83c	122000
L277	1	3R	6405800	6410800	6408300	1	P	0	FBgn0264495,FBgn0037443	gpp,Dmtn	21140
L277	2	3R	6427070	6431810	6429440	0	I	20213	FBgn0264495	gpp	21140
L278	1	3R	6471000	6478000	6474500	0	I	310	FBgn0037448	CG15186	120500
L278	2	3R	6591000	6599000	6595000	1	P	0	FBgn0053202,FBgn0037456	dpr11,CG1138	120500
L279	1	3R	6777000	6783000	6780000	0	I	8835	FBgn0000439	Dfd	27500
L279	2	3R	6805000	6810000	6807500	0	I	13164	FBgn0000439	Dfd	27500
L280	1	3R	6789910	6793180	6791545	1	P	0	FBgn0000439	Dfd	100475
L280	2	3R	6889910	6894130	6892020	0	I	25586	FBgn0001077	ftz	100475
L281	1	3R	6846000	6855000	6850500	1	P	0	FBgn0003339	Scr	43000
L281	2	3R	6890000	6897000	6893500	0	I	25676	FBgn0001077	ftz	43000
L282	1	3R	6851000	6858000	6854500	0	I	1019	FBgn0003339	Scr	17000
L282	2	3R	6868000	6875000	6871500	0	I	3676	FBgn0001077	ftz	17000
L283	1	3R	6993370	7003510	6998440	1	P	0	FBgn0260642	Antp	38340
L283	2	3R	7033050	7040510	7036780	0	I	11824	FBgn0024289	Sodh-1	38340
L284	1	3R	7302260	7306850	7304555	1	P	0	FBgn0260713	CG42544	41780
L284	2	3R	7344150	7348520	7346335	1	P	0	FBgn0051496,FBgn0051501	CG31496,nxf4	41780
L285	1	3R	7391000	7399000	7395000	1	P	0	FBgn0261502	CG42650	245000
L285	2	3R	7635000	7645000	7640000	1	P	0	FBgn0083963	Nlg3	245000
L286	1	3R	7975880	7979690	7977785	1	P	0	FBgn0010401,FBgn0037533	Os-C,CD98hc	19610
L286	2	3R	7995210	7999580	7997395	1	P	0	FBgn0037534	ELOVL	19610
L52	1	3R	8306279	8306655	8306467	0	I	1005	FBgn0265101	Sgt1	22710518
L52	2	3R	31016931	31017040	31016985	1	P	56	FBgn0004573	5-HT7	22710518
L287	1	3R	8476000	8483000	8479500	1	P	0	FBgn0266801	CG45263	49000
L287	2	3R	8524000	8533000	8528500	1	P	0	FBgn0040531	CG11741	49000
L288	1	3R	8677290	8681440	8679365	1	P	0	FBgn0037611,FBgn0053325	CG11755,CG33325	18610
L288	2	3R	8695650	8700300	8697975	1	P	0	FBgn0001180	hb	18610
L289	1	3R	9156000	9164000	9160000	1	P	0	FBgn0003165	pum	40000
L289	2	3R	9197000	9203000	9200000	0	I	19483	FBgn0037662	CG11997	40000
L290	1	3R	9870000	9876000	9873000	1	P	0	FBgn0267336,FBgn0287598	Glut4EF,CG46467	105500
L290	2	3R	9975000	9982000	9978500	0	I	4059	FBgn0037770	Art4	105500
L291	1	3R	9871510	9874560	9873035	1	P	120	FBgn0267336,FBgn0287598	Glut4EF,CG46467	79755
L291	2	3R	9951070	9954510	9952790	0	I	22153	FBgn0267336	Glut4EF	79755
L292	1	3R	9872000	9879000	9875500	1	P	0	FBgn0267336,FBgn0287598	Glut4EF,CG46467	53500
L292	2	3R	9926000	9932000	9929000	1	P	0	FBgn0267336	Glut4EF	53500
L293	1	3R	10530000	10541000	10535500	0	I	73275	FBgn0001235	hth	81000
L293	2	3R	10611000	10622000	10616500	1	P	0	FBgn0001235	hth	81000
L294	1	3R	10617800	10627400	10622600	0	I	3524	FBgn0001235	hth	38350
L294	2	3R	10656700	10665200	10660950	0	I	12050	FBgn0037818	CG6465	38350
L295	1	3R	10707000	10718000	10712500	1	P	0	FBgn0037827,FBgn0051278,FBgn0051373,FBgn0037826	CG4073,CG31278,CG31373,CG14689	44000
L295	2	3R	10752000	10761000	10756500	1	P	0	FBgn0037829,FBgn0051272	CG14691,CG31272	44000
L296	1	3R	11251000	11264600	11257800	0	I	6698	FBgn0037891	CG5214	115450
L296	2	3R	11368400	11378100	11373250	1	P	0	FBgn0004595	pros	115450
L297	1	3R	11262000	11276000	11269000	0	I	17698	FBgn0037891	CG5214	43500
L297	2	3R	11307000	11318000	11312500	0	I	10479	FBgn0004595	pros	43500
L298	1	3R	11349300	11359200	11354250	1	P	0	FBgn0026064,FBgn0026063	KP78a,KP78b	17200
L298	2	3R	11369400	11373500	11371450	1	P	0	FBgn0004595	pros	17200
L299	1	3R	11694000	11700000	11697000	1	P	0	FBgn0265271,FBgn0037937	CG14717,Fer3	25000
L299	2	3R	11718000	11726000	11722000	1	P	0	FBgn0037941	CG12594	25000
L51	1	3R	12021090	12021281	12021185	0	I	3934	FBgn0037981	Spt3	73547
L51	2	3R	12094666	12094798	12094732	1	P	77	FBgn0051361	dpr17	73547
L300	1	3R	12239000	12249000	12244000	1	P	0	FBgn0038007	Cyp313a3	36500
L300	2	3R	12275000	12286000	12280500	1	P	0	FBgn0003651	svp	36500
L301	1	3R	12275800	12282500	12279150	1	P	0	FBgn0003651	svp	67650
L301	2	3R	12344000	12349600	12346800	0	I	1043	FBgn0038013	CG10038	67650
L302	1	3R	12780000	12789000	12784500	1	P	0	FBgn0038084	beat-Vc	64500
L302	2	3R	12845000	12853000	12849000	1	P	0	FBgn0038087	beat-Va	64500
L303	1	3R	12781000	12788000	12784500	1	P	0	FBgn0038084	beat-Vc	131500
L303	2	3R	12912000	12920000	12916000	1	P	0	FBgn0038092	beat-Vb	131500
L304	1	3R	12845000	12854000	12849500	1	P	0	FBgn0038087	beat-Va	66500
L304	2	3R	12912000	12920000	12916000	1	P	0	FBgn0038092	beat-Vb	66500
L305	1	3R	13152000	13160000	13156000	1	P	0	FBgn0260793	2mit	51500
L305	2	3R	13204000	13211000	13207500	0	I	3464	FBgn0038126	CG8483	51500
L306	1	3R	13262000	13270800	13266400	1	P	0	FBgn0003598,FBgn0038128	Su(var)3-7,Ravus	118350
L306	2	3R	13379100	13390400	13384750	1	P	0	FBgn0038144,FBgn0038145,FBgn0038143,FBgn0044511,FBgn0038146	CG8870,Droj2,CG9813,mRpS21,CG9799	118350
L307	1	3R	13447000	13455000	13451000	1	P	0	FBgn0038156	side-IV	87500
L307	2	3R	13535000	13542000	13538500	0	I	3399	FBgn0051337	CG31337	87500
L308	1	3R	13873800	13877600	13875700	1	P	0	FBgn0008646	E5	18450
L308	2	3R	13891100	13897200	13894150	0	I	4652	FBgn0000576	ems	18450
L309	1	3R	13874000	13880000	13877000	1	P	0	FBgn0008646	E5	24500
L309	2	3R	13898000	13905000	13901500	1	P	0	FBgn0000576	ems	24500
L310	1	3R	14982000	14992000	14987000	0	I	22769	FBgn0038280	CG14861	89500
L310	2	3R	15072000	15081000	15076500	1	P	0	FBgn0038282,FBgn0038285	dpr9,CG6974	89500
L311	1	3R	15504800	15519800	15512300	1	P	0	FBgn0264776,FBgn0264775	CG44014,CG44013	147250
L311	2	3R	15655500	15663600	15659550	0	I	2582	FBgn0053207	pxb	147250
L312	1	3R	16653700	16666900	16660300	1	P	0	FBgn0051217	modSP	319250
L312	2	3R	16972700	16986400	16979550	1	P	0	FBgn0038458,FBgn0015008,FBgn0015011,FBgn0038460	VhaM9.7-d,Actn3,AhcyL2,CG18622	319250
L313	1	3R	16896900	16900200	16898550	0	I	34041	FBgn0000015	Abd-B	35450
L313	2	3R	16930900	16937100	16934000	1	P	0	FBgn0000015	Abd-B	35450
L314	1	3R	16916800	16920100	16918450	0	I	14141	FBgn0000015	Abd-B	16800
L314	2	3R	16932400	16938100	16935250	1	P	0	FBgn0000015	Abd-B	16800
L315	1	3R	17244000	17253000	17248500	1	P	0	FBgn0038494	beat-IIb	98500
L315	2	3R	17342000	17352000	17347000	1	P	0	FBgn0038498	beat-IIa	98500
L316	1	3R	17262000	17271000	17266500	1	P	0	FBgn0265197,FBgn0038494	CG44257,beat-IIb	100000
L316	2	3R	17363000	17370000	17366500	1	P	0	FBgn0038498	beat-IIa	100000
L317	1	3R	17651500	17654600	17653050	0	I	3821	FBgn0038532	CG14322	11950
L317	2	3R	17663500	17666500	17665000	0	I	1071	FBgn0266405	CG45045	11950
L318	1	3R	17916000	17923000	17919500	1	P	0	FBgn0263995,FBgn0053547	cpo,Rim	24000
L318	2	3R	17940000	17947000	17943500	1	P	0	FBgn0263995	cpo	24000
L319	1	3R	18060400	18063900	18062150	0	I	7416	FBgn0010389	htl	58150
L319	2	3R	18119500	18121100	18120300	0	I	960	FBgn0003499	sr	58150
L320	1	3R	18109000	18114000	18111500	0	I	8060	FBgn0003499	sr	48000
L320	2	3R	18156000	18163000	18159500	1	P	0	FBgn0038568	CG14315	48000
L321	1	3R	18121000	18127000	18124000	1	P	0	FBgn0003499	sr	37000
L321	2	3R	18158000	18164000	18161000	1	P	0	FBgn0038568	CG14315	37000
L322	1	3R	18257300	18273000	18265150	1	P	0	FBgn0038592	CG18599	105300
L322	2	3R	18365800	18375100	18370450	1	P	0	FBgn0038609,FBgn0038608,FBgn0004618	Nup43,WRNexo,gl	105300
L323	1	3R	20076000	20084000	20080000	1	P	0	FBgn0003249	Rh3	124000
L323	2	3R	20200000	20208000	20204000	1	P	0	FBgn0083975	Nlg4	124000
L324	1	3R	21383900	21395700	21389800	1	P	0	FBgn0004862	bap	169050
L324	2	3R	21551000	21566700	21558850	1	P	0	FBgn0002941	slou	169050
L325	1	3R	21520500	21531300	21525900	1	P	0	FBgn0038890	CG7956	48000
L325	2	3R	21568000	21579800	21573900	1	P	0	FBgn0038892	CG15498	48000
L326	1	3R	21823300	21831500	21827400	0	I	626	FBgn0013759	CASK	27600
L326	2	3R	21852700	21857300	21855000	1	P	0	FBgn0015229	glec	27600
L327	1	3R	21922000	21934000	21928000	0	I	8253	FBgn0038919	Qsox2	42500
L327	2	3R	21964000	21977000	21970500	1	P	0	FBgn0264490	Eip93F	42500
L328	1	3R	21945600	21951400	21948500	1	P	0	FBgn0264490	Eip93F	23250
L328	2	3R	21968900	21974600	21971750	1	P	0	FBgn0264490	Eip93F	23250
L329	1	3R	22837000	22848000	22842500	1	P	0	FBgn0039029	CG4704	56000
L329	2	3R	22894000	22903000	22898500	1	P	0	FBgn0017590	klg	56000
L53	1	3R	23539013	23539141	23539077	1	P	105	FBgn0039087	Ugt303B2	5133308
L53	2	3R	28672340	28672430	28672385	0	I	1636	FBgn0039593	Sid	5133308
L54	1	3R	23557344	23557443	23557393	1	P	0	FBgn0039089	beat-IV	5097377
L54	2	3R	28654730	28654810	28654770	0	I	4250	FBgn0051050	CG31050	5097377
L330	1	3R	24325000	24351000	24338000	1	P	0	FBgn0039183,FBgn0039184,FBgn0011581,FBgn0039187,FBgn0039182,FBgn0039186	Dis3,CG6432,Ms,CG6454,CG5728,CG5746	301500
L330	2	3R	24634000	24645000	24639500	1	P	0	FBgn0262858	CG43222	301500
L331	1	3R	24454200	24460600	24457400	1	P	0	FBgn0000036	nAChRalpha1	25750
L331	2	3R	24481100	24485200	24483150	0	I	227	FBgn0000039	nAChRalpha2	25750
L332	1	3R	25136000	25140000	25138000	1	P	0	FBgn0039283	danr	47000
L332	2	3R	25182000	25188000	25185000	1	P	0	FBgn0039286	dan	47000
L333	1	3R	25249600	25263100	25256350	1	P	0	FBgn0039303,FBgn0039305,FBgn0039304	CG11857,CG11858,CG10425	224750
L333	2	3R	25471500	25490700	25481100	1	P	0	FBgn0039335,FBgn0039337,FBgn0259991,FBgn0039339,FBgn0004509,FBgn0039336,FBgn0039338,FBgn0040212	Vps33B,MED28,CG42488,CG5116,Fur1,CG4553,XNP,Dhap-at	224750
L334	1	3R	25716000	25726000	25721000	1	P	0	FBgn0051092	LpR2	31000
L334	2	3R	25748000	25756000	25752000	1	P	0	FBgn0066101	LpR1	31000
L335	1	3R	25718000	25726000	25722000	1	P	0	FBgn0051092	LpR2	61500
L335	2	3R	25780000	25787000	25783500	0	I	297	FBgn0039371	CG4960	61500
L336	1	3R	25750000	25757000	25753500	1	P	0	FBgn0066101	LpR1	30500
L336	2	3R	25781000	25787000	25784000	0	I	297	FBgn0039371	CG4960	30500
L337	1	3R	25983200	25994600	25988900	1	P	187	FBgn0015269	Nf1	57450
L337	2	3R	26041500	26051200	26046350	1	P	0	FBgn0001139	gro	57450
L338	1	3R	26001300	26007500	26004400	1	P	0	FBgn0002733	E(spl)mbeta-HLH	32100
L338	2	3R	26033400	26039600	26036500	1	P	0	FBgn0002633	E(spl)m7-HLH	32100
L339	1	3R	26260000	26266000	26263000	1	P	0	FBgn0039420,FBgn0000064	CG6154,Ald1	127000
L339	2	3R	26387000	26393000	26390000	0	I	10655	FBgn0039424	ppk15	127000
L340	1	3R	26457800	26465800	26461800	1	P	0	FBgn0039429,FBgn0039430	CG14238,CG5455	70800
L340	2	3R	26528300	26536900	26532600	1	P	0	FBgn0263289,FBgn0039431	scrib,plum	70800
L341	1	3R	26604000	26611000	26607500	0	I	8117	FBgn0039434	TwdlM	74500
L341	2	3R	26679000	26685000	26682000	1	P	0	FBgn0250908	beat-VII	74500
L342	1	3R	26745000	26751000	26748000	0	I	7390	FBgn0039454	CG14247	50500
L342	2	3R	26796000	26801000	26798500	1	P	0	FBgn0262473	Tl	50500
L343	1	3R	28043000	28053000	28048000	1	P	0	FBgn0085391	trv	98500
L343	2	3R	28142000	28151000	28146500	1	P	0	FBgn0085383	CG34354	98500
L344	1	3R	28344000	28355000	28349500	1	P	0	FBgn0039582	Or98b	68000
L344	2	3R	28413000	28422000	28417500	1	P	0	FBgn0039584	beat-VI	68000
L59	1	3R	28735645	28735738	28735691	0	I	9043	FBgn0039595	AstA-R2	66305
L59	2	3R	28801940	28802052	28801996	0	I	4649	FBgn0261289	CheB98a	66305
L55	1	3R	28735645	28735738	28735691	0	I	9043	FBgn0039595	AstA-R2	609333
L55	2	3R	29343984	29346065	29345024	0	I	23272	FBgn0267106	CG45546	609333
L56	1	3R	28735645	28735738	28735691	0	I	9043	FBgn0039595	AstA-R2	641332
L56	2	3R	29376598	29377448	29377023	1	P	197	FBgn0004369	Ptp99A	641332
L57	1	3R	28801940	28802052	28801996	0	I	4649	FBgn0261289	CheB98a	543028
L57	2	3R	29343984	29346065	29345024	0	I	23272	FBgn0267106	CG45546	543028
L58	1	3R	28801940	28802052	28801996	0	I	4649	FBgn0261289	CheB98a	575027
L58	2	3R	29376598	29377448	29377023	1	P	197	FBgn0004369	Ptp99A	575027
L345	1	3R	29254700	29261600	29258150	1	P	0	FBgn0267104,FBgn0003525	CG45544,stg	45650
L345	2	3R	29300700	29306900	29303800	0	I	3520	FBgn0039659	CG14506	45650
L60	1	3R	29343984	29346065	29345024	0	I	23272	FBgn0267106	CG45546	31999
L60	2	3R	29376598	29377448	29377023	1	P	197	FBgn0004369	Ptp99A	31999
L346	1	3R	29550000	29561200	29555600	1	P	0	FBgn0000492	Dr	135450
L346	2	3R	29685100	29697000	29691050	1	P	0	FBgn0039683,FBgn0039682	dmrt99B,Obp99c	135450
L347	1	3R	30612000	30622000	30617000	1	P	0	FBgn0266259	CG44954	46500
L347	2	3R	30659000	30668000	30663500	0	I	9039	FBgn0085462	CG34433	46500
L348	1	3R	30612000	30622000	30617000	1	P	0	FBgn0266259	CG44954	149000
L348	2	3R	30762000	30770000	30766000	1	P	0	FBgn0004606	zfh1	149000
L349	1	3R	30660000	30669000	30664500	0	I	10039	FBgn0085462	CG34433	100500
L349	2	3R	30761000	30769000	30765000	1	P	0	FBgn0004606	zfh1	100500
L350	1	3R	30712500	30728800	30720650	1	P	0	FBgn0039797	eIF4H2	43200
L350	2	3R	30760400	30767300	30763850	1	P	0	FBgn0004606	zfh1	43200
L351	1	3R	30848800	30852900	30850850	1	P	0	FBgn0003720	tll	59050
L351	2	3R	30907600	30912200	30909900	0	I	553	FBgn0020912	Ptx1	59050
L352	1	3R	31006200	31012900	31009550	0	I	3974	FBgn0004573	5-HT7	38600
L352	2	3R	31046600	31049700	31048150	1	P	0	FBgn0016123	Alp4	38600
L353	1	4	130017	133911	131964	1	P	0	FBgn0052000	anne	62480
L353	2	4	192326	196563	194444	1	P	0	FBgn0039890	ABCD	62480
L354	1	4	697860	720496	709178	1	P	0	FBgn0005558	ey	279944
L354	2	4	979480	998765	989122	1	P	0	FBgn0019650	toy	279944
L355	1	4	835572	849132	842352	1	P	0	FBgn0039937	fd102C	141703
L355	2	4	975921	992190	984055	1	P	0	FBgn0019650,FBgn0039932	toy,fuss	141703
L356	1	4	981274	1002580	991927	1	P	0	FBgn0019650	toy	106473
L356	2	4	1086900	1109900	1098400	1	P	0	FBgn0005561	sv	106473
L357	1	X	841000	849000	845000	1	P	0	FBgn0029535,FBgn0040343	CG14635,CG3713	40500
L357	2	X	882000	889000	885500	1	P	0	FBgn0264449	CG43867	40500
L64	1	X	945883	945994	945938	1	P	110	FBgn0040348	CG3703	40432
L64	2	X	986055	986686	986370	0	I	3831	FBgn0042146	CG18823	40432
L65	1	X	945883	945994	945938	1	P	110	FBgn0040348	CG3703	64033
L65	2	X	1009817	1010125	1009971	0	I	1517	FBgn0040338	TfIIA-S-2	64033
L61	1	X	945883	945994	945938	1	P	110	FBgn0040348	CG3703	15117438
L61	2	X	16063069	16063683	16063376	1	P	54	FBgn0030723	dpr18	15117438
L66	1	X	986055	986686	986370	0	I	3831	FBgn0042146	CG18823	23601
L66	2	X	1009817	1010125	1009971	0	I	1517	FBgn0040338	TfIIA-S-2	23601
L62	1	X	986055	986686	986370	0	I	3831	FBgn0042146	CG18823	15077006
L62	2	X	16063069	16063683	16063376	1	P	54	FBgn0030723	dpr18	15077006
L63	1	X	1009817	1010125	1009971	0	I	1517	FBgn0040338	TfIIA-S-2	15053405
L63	2	X	16063069	16063683	16063376	1	P	54	FBgn0030723	dpr18	15053405
L358	1	X	1004000	1016000	1010000	1	P	0	FBgn0029552,FBgn0003638,FBgn0040338	CG14631,su(w[a]),TfIIA-S-2	16523000
L358	2	X	17527000	17539000	17533000	1	P	0	FBgn0263706	CG43658	16523000
L359	1	X	2522000	2529000	2525500	0	I	4353	FBgn0284408	trol	22500
L359	2	X	2544000	2552000	2548000	1	P	0	FBgn0284408	trol	22500
L360	1	X	2884000	2892000	2888000	1	P	0	FBgn0040355,FBgn0029639	CG3526,CG14419	211500
L360	2	X	3095000	3104000	3099500	1	P	0	FBgn0028369	kirre	211500
L361	1	X	2970000	2979000	2974500	1	P	0	FBgn0003285	rst	52000
L361	2	X	3022000	3031000	3026500	0	I	32949	FBgn0028369	kirre	52000
L362	1	X	3250520	3256290	3253405	1	P	0	FBgn0000479	dnc	31135
L362	2	X	3281400	3287680	3284540	0	I	1700	FBgn0000479	dnc	31135
L363	1	X	3366000	3380000	3373000	1	P	0	FBgn0262656	Myc	78500
L363	2	X	3448000	3455000	3451500	1	P	0	FBgn0029657	CG12535	78500
L364	1	X	3740460	3745270	3742865	0	I	563	FBgn0283657	Tlk	33570
L364	2	X	3774180	3778690	3776435	1	P	0	FBgn0283657	Tlk	33570
L365	1	X	4202000	4211000	4206500	1	P	0	FBgn0000635	Fas2	80000
L365	2	X	4280000	4293000	4286500	0	I	2039	FBgn0040905	CG15578	80000
L366	1	X	4408460	4413570	4411015	1	P	0	FBgn0000179	bi	96045
L366	2	X	4505190	4508930	4507060	0	I	21300	FBgn0029708	CG3556	96045
L367	1	X	4410340	4413430	4411885	1	P	0	FBgn0000179	bi	13770
L367	2	X	4424500	4426810	4425655	0	I	324	FBgn0000179	bi	13770
L368	1	X	4408830	4427170	4418000	1	P	0	FBgn0000179	bi	97605
L368	2	X	4506030	4525180	4515605	0	I	5050	FBgn0029708	CG3556	97605
L369	1	X	4411000	4430700	4420850	1	P	0	FBgn0000179	bi	178950
L369	2	X	4592300	4607300	4599800	0	I	10263	FBgn0003053	peb	178950
L370	1	X	4423960	4426870	4425415	0	I	264	FBgn0000179	bi	82345
L370	2	X	4505750	4509770	4507760	0	I	20460	FBgn0029708	CG3556	82345
L371	1	X	4746270	4753860	4750065	0	I	16276	FBgn0029724	CG15472	90855
L371	2	X	4838070	4843770	4840920	1	P	0	FBgn0260971	CG42594	90855
L372	1	X	5083000	5090000	5086500	1	P	0	FBgn0266098,FBgn0029746,FBgn0052767	rg,CG15465,CG32767	207500
L372	2	X	5290000	5298000	5294000	1	P	0	FBgn0261803	CG42749	207500
L373	1	X	5145000	5158000	5151500	0	I	7309	FBgn0029746,FBgn0266098	CG15465,rg	139500
L373	2	X	5285000	5297000	5291000	1	P	0	FBgn0261803	CG42749	139500
L67	1	X	5433097	5433506	5433301	0	I	2532	FBgn0029766	CG15784	12178355
L67	2	X	17611610	17611703	17611656	0	I	11619	FBgn0026313	X11L	12178355
L374	1	X	5523000	5532000	5527500	0	I	5741	FBgn0029771	CG12730	85500
L374	2	X	5610000	5616000	5613000	1	P	0	FBgn0085464	CG34435	85500
L375	1	X	5558000	5565000	5561500	1	P	0	FBgn0263512	Vsx2	31000
L375	2	X	5589000	5596000	5592500	1	P	0	FBgn0263511	Vsx1	31000
L376	1	X	5636000	5641000	5638500	1	P	0	FBgn0259994	OtopLa	11000
L376	2	X	5648000	5651000	5649500	1	P	0	FBgn0259994	OtopLa	11000
L377	1	X	5988000	5999000	5993500	1	P	0	FBgn0029831	CG5966	42500
L377	2	X	6031000	6041000	6036000	1	P	0	FBgn0029833,FBgn0029834,FBgn0003302	MCTS1,CG5937,rux	42500
L378	1	X	6365000	6381000	6373000	1	P	0	FBgn0029870,FBgn0003655,FBgn0003139	Marf,swa,PpV	151500
L378	2	X	6517000	6532000	6524500	1	P	0	FBgn0029873,FBgn0014031,FBgn0259242,FBgn0029874	CG3918,Spat,CG42340,CG3342	151500
L379	1	X	7160560	7165740	7163150	0	I	22837	FBgn0029939	CG9650	60960
L379	2	X	7221230	7226990	7224110	1	P	0	FBgn0029939	CG9650	60960
L380	1	X	7161170	7168260	7164715	0	I	23447	FBgn0029939	CG9650	76510
L380	2	X	7238300	7244150	7241225	0	I	11845	FBgn0029939	CG9650	76510
L381	1	X	7441000	7452000	7446500	0	I	208	FBgn0040923	CG11368	161500
L381	2	X	7602000	7614000	7608000	1	P	0	FBgn0004198	ct	161500
L382	1	X	7602000	7613000	7607500	1	P	0	FBgn0004198	ct	18000
L382	2	X	7621000	7630000	7625500	0	I	2221	FBgn0004198	ct	18000
L383	1	X	7750000	7779000	7764500	1	P	0	FBgn0029961,FBgn0085367,FBgn0052718	Ir7a,CG34338,CG32718	61750
L383	2	X	7817500	7835000	7826250	1	P	0	FBgn0029962	CARPA	61750
L384	1	X	8277800	8285280	8281540	0	I	3994	FBgn0030029	CG15343	88140
L384	2	X	8360570	8378790	8369680	1	P	0	FBgn0015519	nAChRalpha3	88140
L385	1	X	8621000	8632000	8626500	0	I	11175	FBgn0004102	oc	48500
L385	2	X	8670000	8680000	8675000	1	P	0	FBgn0030055	Rubicon	48500
L386	1	X	8720000	8727000	8723500	1	P	0	FBgn0030063,FBgn0027330	CG1789,l(1)G0020	114000
L386	2	X	8834000	8841000	8837500	1	P	0	FBgn0030065	CG12075	114000
L387	1	X	9690820	9696680	9693750	1	P	0	FBgn0000233	btd	34385
L387	2	X	9725040	9731230	9728135	1	P	0	FBgn0020378	Sp1	34385
L388	1	X	11178900	11190500	11184700	1	P	0	FBgn0030278	CG15200	109050
L388	2	X	11290300	11297200	11293750	1	P	0	FBgn0265595	CG44422	109050
L389	1	X	12030000	12041000	12035500	1	P	0	FBgn0030369,FBgn0030367	Cyp318a1,Cyp311a1	403500
L389	2	X	12435000	12443000	12439000	1	P	0	FBgn0287828	Pkcdelta	403500
L390	1	X	12082000	12090000	12086000	1	P	0	FBgn0030374	CG15734	304000
L390	2	X	12386000	12394000	12390000	0	I	8245	FBgn0030385	Ir11a	304000
L391	1	X	12081000	12092000	12086500	1	P	0	FBgn0030374	CG15734	115500
L391	2	X	12198000	12206000	12202000	1	P	0	FBgn0267001	Ten-a	115500
L392	1	X	12098000	12107000	12102500	1	P	0	FBgn0030375	CG11356	97500
L392	2	X	12196000	12204000	12200000	1	P	0	FBgn0267001	Ten-a	97500
L393	1	X	12101000	12109000	12105000	1	P	0	FBgn0030376,FBgn0030375	CG2750,CG11356	283500
L393	2	X	12385000	12392000	12388500	0	I	7245	FBgn0030385	Ir11a	283500
L394	1	X	12197000	12206000	12201500	1	P	0	FBgn0267001	Ten-a	188000
L394	2	X	12386000	12393000	12389500	0	I	8245	FBgn0030385	Ir11a	188000
L395	1	X	12202200	12209300	12205750	1	P	0	FBgn0267001	Ten-a	50000
L395	2	X	12250200	12261300	12255750	0	I	13334	FBgn0267163	CG45603	50000
L396	1	X	12711000	12723000	12717000	0	I	5146	FBgn0030417	CG15725	26500
L396	2	X	12738000	12749000	12743500	1	P	0	FBgn0030418,FBgn0265523	CG4004,Smr	26500
L68	1	X	13358367	13359302	13358834	1	P	0	FBgn0261085	Syt12	5990037
L68	2	X	19348381	19349362	19348871	1	P	0	FBgn0086778	nAChRalpha7	5990037
L397	1	X	13985000	13997000	13991000	1	P	0	FBgn0000173,FBgn0267033	ben,mamo	92500
L397	2	X	14078000	14089000	14083500	0	I	16183	FBgn0053236	Ste:CG33236	92500
L398	1	X	14649000	14662000	14655500	1	P	0	FBgn0015773	NetA	94500
L398	2	X	14744000	14756000	14750000	1	P	0	FBgn0015774	NetB	94500
L399	1	X	15171000	15181000	15176000	1	P	0	FBgn0263994	CG43737	114000
L399	2	X	15284000	15296000	15290000	1	P	0	FBgn0030625	CG5877	114000
L400	1	X	15352000	15364000	15358000	1	P	0	FBgn0003132	Pp1-13C	20500
L400	2	X	15374000	15383000	15378500	1	P	0	FBgn0000028	acj6	20500
L401	1	X	15591000	15601000	15596000	1	P	0	FBgn0030662	Chsy	57500
L401	2	X	15650000	15657000	15653500	0	I	5584	FBgn0030664	CG8119	57500
L402	1	X	16145000	16154000	16149500	1	P	0	FBgn0285879	disco-r	67500
L402	2	X	16212000	16222000	16217000	1	P	0	FBgn0000459	disco	67500
L403	1	X	17304000	17311000	17307500	0	I	1530	FBgn0030838	CG5445	113500
L403	2	X	17418000	17424000	17421000	1	P	0	FBgn0030839,FBgn0027602	CG5613,CG8611	113500
L404	1	X	17310000	17319000	17314500	1	P	0	FBgn0004854	B-H2	33000
L404	2	X	17344000	17351000	17347500	0	I	29419	FBgn0004854	B-H2	33000
L405	1	X	17312000	17319000	17315500	1	P	0	FBgn0004854	B-H2	81500
L405	2	X	17394000	17400000	17397000	1	P	0	FBgn0011758	B-H1	81500
L406	1	X	17343000	17351000	17347000	0	I	28419	FBgn0004854	B-H2	50000
L406	2	X	17394000	17400000	17397000	1	P	0	FBgn0011758	B-H1	50000
L407	1	X	17749000	17759000	17754000	0	I	9568	FBgn0024184	unc-4	65500
L407	2	X	17816000	17823000	17819500	1	P	0	FBgn0030868	CG12986	65500
L408	1	X	17765000	17773000	17769000	1	P	0	FBgn0024184	unc-4	21500
L408	2	X	17787000	17794000	17790500	1	P	0	FBgn0026058	OdsH	21500
L409	1	X	18016700	18022700	18019700	0	I	1169	FBgn0030887	CG6867	42800
L409	2	X	18059400	18065600	18062500	1	P	0	FBgn0283476,FBgn0003380	Dhc16F,Sh	42800
L410	1	X	18238899	18247800	18243349	1	P	0	FBgn0030904	upd2	69201
L410	2	X	18309300	18315800	18312550	1	P	9	FBgn0004956	upd1	69201
L411	1	X	18663600	18665900	18664750	0	I	1447	FBgn0030947	CG6696	27900
L411	2	X	18691000	18694300	18692650	1	P	0	FBgn0010383	Cyp18a1	27900
L412	1	X	18726200	18731000	18728600	1	P	0	FBgn0259231	CCKLR-17D1	43350
L412	2	X	18769900	18774000	18771950	1	P	26	FBgn0030954	CCKLR-17D3	43350
L413	1	X	18926000	18934000	18930000	1	P	0	FBgn0264090	CG43759	99500
L413	2	X	19026000	19033000	19029500	0	I	17441	FBgn0085358	Diedel3	99500
L414	1	X	20255000	20265000	20260000	1	P	0	FBgn0260867,FBgn0031099	CG42577,CG17065	129000
L414	2	X	20385000	20393000	20389000	1	P	0	FBgn0027334,FBgn0031104	l(1)G0004,jb	129000
L415	1	X	20637000	20647700	20642350	0	I	9421	FBgn0031126	Cyp6v1	46650
L415	2	X	20684600	20693400	20689000	1	P	0	FBgn0003300	run	46650
L416	1	X	20922000	20936000	20929000	1	P	0	FBgn0261675,FBgn0085387,FBgn0031139	Npc1b,shakB,CG11227	82500
L416	2	X	21005000	21018000	21011500	0	I	7887	FBgn0031142	r-cup	82500
L417	1	X	22649000	22658000	22653500	0	I	16290	FBgn0052499	Cda4	265000
L417	2	X	22915000	22922000	22918500	0	I	23320	FBgn0069938	CG41106	265000
